interactor_sequence,aggregation_speed,label
KCNTATCATQRLANFLVHSSNNFGAILSSTNVGSNTY,Faster aggregation,2
AGYDLANSEYNFAVNELSKSSFNQAAIIGQAGTNNSAQLRQGGSKLLAVVAQEGSSNRAKIDQTGDYNLAYIDQAGSANDASISQGAYGNTAMIIQKGSGNKANITQYGTQKTAIVVQRQSQMAIRVTQR,Faster aggregation,2
MDVFMKGLSKAKEGVVAAAEKTKQGVAEAAGKTKEGVLYVGSKTKEGVVHGVTTVAEKTKEQVTNVGGAVVTGVTAVAQKTVEGAGNIAAATGFVKKDQMGKGEEGYPQEGILEDMPVDPGSEAYEMPSEEGYQDYEPEA,No effect,0
GIVEQCCTSICSLYQLENYCN FVNQHLCGSHLVEALYLVCGERGFFYTPKT,Faster aggregation,2
LVEALYLVCG,No aggregation,0
HMSQKHTEMVLEMSIGAPEAQQRLALSEHLVTTATFSIGSTGLVVYDYQQLLIAYKPAPGTCCYIMKIAPESIPSLEALNRKVHNFQMECSLQAKPAVPTSKLGQAEGRDAGSAPSGGDPAFLGMAVNTLCGEVPLYYI,No aggregation,0
YTIAALLSPYS,No effect,0
MDVFMKGLSKAKEGVVAAAEKTKQGVAEAAGKTKEGVLYVGSKTKEGVVHGVTTVAEKTKEQVTNVGGAVVTGVTAVAQKTVEGAGSIAAATGFVKKDQLGKNEEGAPQEGILEDMPVDPDNEAYEMPSEEGYQDYEPEA,No aggregation,0
MSEYIRVTEDENDEPIEIPSEDDGTVLLSTVTAQFPGACGLRYRNPVSQCMRGVRLVEGILHAPDAGWGNLVYVVNYPKDNKRKMDETDASSAVKVKRAVQKTSDLIVLGLPWKTTEQDLKEYFSTFGEVLMVQVKKDLKTGHSKGFGFVRFTEYETQVKVMSQRHMIDGRWCDCKLPNSKQSQDEPLRSRKVFVGRCTEDMTEDELREFFSQYGDVMDVFIPKPFRAFAFVTFADDQIAQSLCGEDLIIKGISVHISNAEPKHN,Slower aggregation,1
VQIVYK,No effect,0
DAEFRHDSGYEVHHQKLVPFAEDVGSNKGAIIGLMVGGVVIA,No effect,0
HMSQKHTEMVLEMSIGAPEAQQRLALSEHLVTTATFSIGSTGLVVYDYQQLLIAYKPAPGTCCYIMKIAPESIPSLEALNRKVHNFQMECSLQAKPAVPTSKLGQAEGRDAGSAPSGGDPAFLGMAVNTLCGEVPLYYI,No aggregation,0
MDIAIHHPWIRRPFFPFHSPSRLFDQFFGEHLLESDLFPTSTSLSPFYLRPPSFLRAPSWFDTGLSEMRLEKDRFSVNLDVKHFSPEELKVKVLGDVIEVHGKHEERQDEHGFISREFHRKYRIPADVDPLTITSSLSSDGVLTVNGPRKQVSGPERTIPITREEKPAVTAAPKK,Slower aggregation,1
KCNTATCATQRLANFLVRSSNNLGVPLPPTNVGSNTY,No effect,0
MDIAIHHPWIRRPFFPFHSPSRLFDQFFGEHLLESDLFPTSTSLSPFYLRPPSFLRAPSWFDTGLSEMRLEKDRFSVNLDVKHFSPEELKVKVLGDVIEVHGKHEERQDEHGFISREFHRKYRIPADVDPLTITSSLSSDGVLTVNGPRKQVSGPERTIPITREEKPAVTAAPKK,No aggregation,0
KTKQGVAEAAGKTKEGVLYVGSKTKEGVVHGVATVAEKTKEQVTNVGGAVVTGVTAVAQKTVEGAGSIAAATGFVKKDQLGKNEEGAPQEGILEDMPVDPDNEAYEMPSEEGYQDYEPEA,Faster aggregation,2
GIVEQCCTSICSLYQLENYCN,Faster aggregation,2
KVFGRCELAAAMKRHGLDNYRGYSLGNWVCAAKFESNFNTQATNRNTDGSTDYGILQINSRWWCNDGRTPGSRNLCNIPCSALLSSDITASVNCAKKIVSDGNGMNAWVAWRNRCKGTDVQAWIRGCRL,Faster aggregation,2
KKRPKPGGWNTGGSRYPGQGSPGGNRYPPQGGTWGQPHGGGWGQPHGGSWGQPHGGSWGQ,No aggregation,0
MDVFMKGLSKAKEGVVAAAEKTKQGVAEAAGKTKEGVLYVGSKTKEGVVHGVATVAEKTKEQVTNVGGAVVTGVTAVAQKTVEGAGSIAAATGFVKKDQLGKNEEGAPQEGILEDMPVDPDNEAYEMPSEEGYQDYEPEA,Faster aggregation,2
MDVFMKGLSKAKEGVVAAAEKTKQGVAEAAGKTKEGVLYVGSKTKEGVVHGVATVAEKTKEQVTNVGGAVVTGVTAVAQKTVEGAGSIAAATGFVKKDQLGKNEEGAPQEGILEDMPVDPDNEAYEMPSEEGYQDYEPEA,Faster aggregation,2
MEGLFNAIKDTVTAAINNDGAKLGTSIVSIVENGVGLLGKLFGF,Faster aggregation,2
GNNAQNY,No effect,0
LIQSAFGNNVHLSRFNSSAL,No effect,0
FVNQHLCGSHLVEALYLVCGERGFFYTPKT,Faster aggregation,2
VQIVYK,Faster aggregation,2
DAEFRHDSGYEVHHQKLVFFAEDVGSNKGAIIGLMVGGVV,Faster aggregation,2
DAEFRHDSGYEVHHQKLVFFAEDVGSNKGAIIGLMVGGVVIA,Faster aggregation,2
MAEPRQEFEVMEDHAGTYGLGDRKDQGGYTMHQDQEGDTDAGLKESPLQTPTEDGSEEPGSETSDAKSTPTAEAEEAGIGDTPSLEDEAAGHVTQARMVSKSKDGTGSDDKKAKGADGKTKIATPRGAAPPGQKGQANATRIPAKTPPAPKTPPSSGEPPKSGDRSGYSSPGSPGTPGSRSRTPSLPTPPTREPKKVAVVRTPPKSPSSAKSRLQTAPVPMPDLKNVKSKIGSTENLKHQPGGGKVQIINKKLDLSNVQSKCGSKDNIKHVPGGGSVQIVYKPVDLSKVTSKCGSLGNIHHKPGGGQVEVKSEKLDFKDRVQSKIGSLDNITHVPGGGNKKIETHKLTFRENAKAKTDHGAEIVYKSPVVSGDTSPRHLSNVSSTGSIDMVDSPQLATLADEVSASLAKQGL,Faster aggregation,2
DAEFRHDSGYEVHHQKLVFFAEDVGSNKGAIIGLMVGGVVIA,Faster aggregation,2
KCNTATCATQRLANFLVHSSNNFGAILSSTNVGSNTY,No effect,0
DAEFRHDSGYEVHHQKLVFFAEDVGSNKGAIIGLMVGGVVIA,Faster aggregation,2
MRSLLILVLCFLPLAALGKVFGRCELAAAMKRHGLDNYRGYSLGNWVCAAKFESNFNTQATNRNTDGSTDYGILQINSRWWCNDGRTPGSRNLCNIPCSALLSSDITASVNCAKKIVSDGNGMNAWVAWRNRCKGTDVQAWIRGCRL,Faster aggregation,2
SEQUENCEUNAVAILABLE,Slower aggregation,1
ANTSNEVQPVDARPAADRGLTTRPGSGLTNIKTEEISEVKMDAEFRHDSGYEVHHQKLVFFAEDVGSNKGAIIGLMVGGVVIA,Faster aggregation,2
GNNQQNY,Faster aggregation,2
MEGLFNAIKDTVTAAINNDGAKLGTSIVSIVENGVGLLGKLFGF,Faster aggregation,2
KCNTATCATQRLANFLVHSSNNFPAILSSTNVGSNTY,Slower aggregation,1
GIVEQCCTSICSLYQLENYCN FVNQHLCGSHLVEALYLVCGERGFFYTPKTKR,Faster aggregation,2
GPTGTGESKCPLMVKVLDAVRGSPAINVAVHVFRKAADDTWEPFASGKTSESGELHGLTTEEEFVEGIYKVEIDTKSYWKALGISPFHEHAEVVFTANDSGPRRYTIAALLSPYSYSTMAVVTNPKE,Slower aggregation,1
GNNQQNY,No effect,0
DTHKSEIAHRFKDLGEEHFKGLVLIAFSQYLQQCPFDEHVKLVNELTEFAKTCVADESHAGCEKSLHTLFGDELCKVASLRETYGDMADCCEKQEPERNECFLSHKDDSPDLPKLKPDPNTLCDEFKADEKKFWGKYLYEIARRHPYFYAPELLYYANKYNGVFQECCQAEDKGACLLPKIETMREKVLASSARQRLRCASIQKFGERALKAWSVARLSQKFPKAEFVEVTKLVTDLTKVHKECCHGDLLECADDRADLAKYICDNQDTISSKLKECCDKPLLEKSHCIAEVEKDAIPENLPPLTADFAEDKDVCKNYQEAKDAFLGSFLYEYSRRHPEYAVSVLLRLAKEYEATLEECCAKDDPHACYSTVFDKLKHLVDEPQNLIKQNCDQFEKLGEYGFQNALIVRYTRKVPQVSTPTLVEVSRSLGKVGTRCCTKPESERMPCTEDYLSLILNRLCVLHEKTPVSEKVTKCCTESLVNRRPCFSALTPDETYVPKAFDEKLFTFHADICTLPDTEKQIKKQTALVELLKHKPKATEEQLKTVMENFVAFVDKCCAADDKEACFAVEGPKLVVSTQTALA,Faster aggregation,2
KVFERCELARTLKRLGMDGYRGISLANWMCLAKWESGYNTRATNYNAGDRSTDYGIFQINSRYWCNDGKTPGAVNACHLSCSALLQDNIADAVACAKRVVRDPQGIRAWVAWRNRCQNRDVRQYVQGCGV,No aggregation,0
KCNTATCATQRLANFLVHSSNNFPAILSSTNVGSNTY,Slower aggregation,1
DAEFRHDSGYEVHHQKLVFFAEDVGSNKGAIIGLMVGGVVIA,Faster aggregation,2
SEQUENCEUNAVAILABLE,Slower aggregation,1
DAEFRHDSGYEVHHQKLVFFAEDVGSNKGAIIGLMVGGVVIA,Faster aggregation,2
MDVFMKGLSKAKEGVVAAAEKTKQGVAEAAGKTKEGVLYVGSKTKEGVVHGVATVAEKTKEQVTNVGGAVEGAGSIAAATGFVKKDQLGKNEEGAPQEGILEDMPVDPDNEAYEMPSEEGYQDYEPEA,No aggregation,0
VAIVYK,Slower aggregation,1
KVFERCELARTLKRLGMDGYRGISLANWMCLAKWESGYNTRATNYNAGDRSTDYGIFQINSRYWCNDGKTPGAVNACHLSCSALLQDNIADAVACAKRVVRDPQGIRAWVAWRNRCQNRDVRQYVQGCGV,Faster aggregation,2
MGIIAGIIKVIKSLIEQFTGK,Faster aggregation,2
MKAAVLTLAVLFLTGSQARHFWQQDEPPQSPWDRVKDLATVYVDVLKDSGRDYVSQFEGSALGKQLNLKLLDNWDSVTSTFSKLREQLGPVTQEFWDNLEKETEGLRQEMSKDLEEVKAKVQPYLDDFQKKWQEEMELYRQKVEPLRAELQEGARQKLHELQEKLSPLGEEMRDRARAHVDALRTHLAPYSDELRQRLAARLEALKENGGARLAEYHAKATEHLSTLSEKAKPALEDLRQGLLPVLESFKVSFLSALEEYTKKLNTQ,No aggregation,0
MKWVTFISLLFLFSSAYSRGVFRRDAHKSEVAHRFKDLGEENFKALVLIAFAQYLQQCPFEDHVKLVNEVTEFAKTCVADESAENCDKSLHTLFGDKLCTVATLRETYGEMADCCAKQEPERNECFLQHKDDNPNLPRLVRPEVDVMCTAFHDNEETFLKKYLYEIARRHPYFYAPELLFFAKRYKAAFTECCQAADKAACLLPKLDELRDEGKASSAKQRLKCASLQKFGERAFKAWAVARLSQRFPKAEFAEVSKLVTDLTKVHTECCHGDLLECADDRADLAKYICENQDSISSKLKECCEKPLLEKSHCIAEVENDEMPADLPSLAADFVESKDVCKNYAEAKDVFLGMFLYEYARRHPDYSVVLLLRLAKTYETTLEKCCAAADPHECYAKVFDEFKPLVEEPQNLIKQNCELFEQLGEYKFQNALLVRYTKKVPQVSTPTLVEVSRNLGKVGSKCCKHPEAKRMPCAEDYLSVVLNQLCVLHEKTPVSDRVTKCCTESLVNRRPCFSALEVDETYVPKEFNAETFTFHADICTLSEKERQIKKQTALVELVKHKPKATKEQLKAVMDDFAAFVEKCCKADDKETCFAEEGKKLVAASQAALGL,No aggregation,0
SGLTNIKTEEISEVKMDAEFRHDSGYEVHHQKLVFFAEDVGSNKGAIIGLMVGGVVIA,Faster aggregation,2
MDVFMKGLSKAKEGVVAAAEKTKQGVAEAAGKTKEGVLYVGSKTKEGVVHGVATVAEKTKEQVTNVGGAVVTGVTAVAQKTVEGAGSIAAATGFVKKDQLGKNEEGAPQEGILEDMPVDPDNEAYEMPDEEGYQDYEPEA,Faster aggregation,2
KCNTATCATQRLANFLVHSSNNFGAILSSTNVGSNTY,Faster aggregation,2
DAEFRHDSGYEVHHQKLVFFAEDVGSNKGAIIGLMVGGVVIA,Faster aggregation,2
DAEFRHDSGYEVHHQKLVFFAEDVGSNKGAIIGLMVGGVV,No effect,0
KKRPKPGGWNTGGSRYPGQGSPGGNRYPPQGGGGWGQPHGGGWGQPHGGGWGQPHGGGWGQPHGGGWGQGGGTHSQWNKPSKPKTNMKHMAGAAAAGAVVGGLGGYMLGSAMSRPIIHFGSDYEDRYYRENMHRYPNQVYYRPMDEYSNQNNFVHDCVNITIKQHTVTTTTKGENFTETDVKMMERVVEQMCITQYERESQAYYQRGSS,No aggregation,0
VQIVYA,Slower aggregation,1
MEGLFNAIKDTVTAAINNDGAKLGTSIVSIVENGVGLLGKLFGF,Faster aggregation,2
MDVFMKGLSKAKEGVVAAAEKTKQGVAEAAGKTKEGVLYVGSKTKEGVVHGVATVAEKTKEQVTNVGGAVVTGVTAVAQKTVEGAGNIAAATGFVKKDQLGKNEEGAPQEGILEDMPVDPDNEAYEMPSEEGYQDYEPEA,Faster aggregation,2
KCNTATCATQRLANFLVHSSNNFGAILSSTNVGSNTY,Faster aggregation,2
DAEFRHDSGYEVHHQKLVPFAEDVGSNKGAIIGLMVGGVVIA,No effect,0
ATQRLANFLVHFFFNFGAILS,No aggregation,0
MDVFMKGLSKAKEGVVAAAEKTKQGVAEAAGKTKEGVLYVGSKTKEGVVHGVTTVAEKTKEQVTNVGGAVVTGVTAVAQKTVEGAGNIAAATGFVKKDQLGKGEEGAPQEGILEDMPVDPDNEAYEMPSEEGYQDYEPEA,Faster aggregation,2
DAEFRHDSGYEVHHQKLVFFAEDVGSNKGAIIGLMVGGVVIA,Slower aggregation,1
MASHRLLLLCLAGLVFVSEAGPTGTGESKCPLMVKVLDAVRGSPAINVAVHVFRKAADDTWEPFASGKTSESGELHGLTTEEEFVEGIYKVEIDTKSYWKALGISPFHEHAEVVFTANDSGPRRYTIAALLSPYSYSTTAVVTNPKE,Slower aggregation,1
SGNNFGAILSS,Faster aggregation,2
KCNTATCATQRLANFLVHSSNNFGAILSSTNVGSNTY,No effect,0
EVHHQKLVFFAEDVGSNKGAIIGLMVGGVV,Faster aggregation,2
MASHRLLLLCLAGLVFVSEAGPTGTGESKCPLMVKVLDAVRGSPAINVAVHVFRKAADDTWEPFASGKTSESGELHGLTTEEEFVEGIYKVEIDTKSYWKALGISPFHEHAEVVFTANDSGPRRYTIAALLSPYSYSTTAVVTNPKE,Slower aggregation,1
MDVFMKGLSKAKEGVVAAAEKTKQGVAEAAGKTKEGVLYVGSKTKEGVVHGVATVAEKTKEQVTNVGGAVVTGVTAVAQKTVEGAGSIAAATGFVKKDQLGKNEEGAPQE,Faster aggregation,2
VQIVYA,Slower aggregation,1
MKWVTFISLLFLFSSAYSRGVFRRDAHKSEVAHRFKDLGEENFKALVLIAFAQYLQQCPFEDHVKLVNEVTEFAKTCVADESAENCDKSLHTLFGDKLCTVATLRETYGEMADCCAKQEPERNECFLQHKDDNPNLPRLVRPEVDVMCTAFHDNEETFLKKYLYEIARRHPYFYAPELLFFAKRYKAAFTECCQAADKAACLLPKLDELRDEGKASSAKQRLKCASLQKFGERAFKAWAVARLSQRFPKAEFAEVSKLVTDLTKVHTECCHGDLLECADDRADLAKYICENQDSISSKLKECCEKPLLEKSHCIAEVENDEMPADLPSLAADFVESKDVCKNYAEAKDVFLGMFLYEYARRHPDYSVVLLLRLAKTYETTLEKCCAAADPHECYAKVFDEFKPLVEEPQNLIKQNCELFEQLGEYKFQNALLVRYTKKVPQVSTPTLVEVSRNLGKVGSKCCKHPEAKRMPCAEDYLSVVLNQLCVLHEKTPVSDRVTKCCTESLVNRRPCFSALEVDETYVPKEFNAETFTFHADICTLSEKERQIKKQTALVELVKHKPKATKEQLKAVMDDFAAFVEKCCKADDKETCFAEEGKKLVAASQAALGL,Slower aggregation,1
MDVFMKGLSKAKEGVVAAAEKTKQGVAEAAGKTKEGVLYVGSKTKEGVVHGVATVAEKTKEQVTNVGGAVVTGVTAVAQKTVEGAGSIAAATGFVKKDQLGKNEEGAPQEGILEDMPVDPDNEAYEMPSEEGYQDYEPEA,Slower aggregation,1
GIVEQCCTSICSLYQLENYCN FVNQHLCGSHLVEALYLVCGERGFFYTPKT,Slower aggregation,1
GIVEQCCASVCSLYQLENYCN FVNQHLCGSHLVEALYLVCGERGFFYTPKA,Faster aggregation,2
VQIAYK,Faster aggregation,2
CMLCNTATCATQRLANFLVHSSNNFGAILSSTNVGSNTY,Faster aggregation,2
KCNTATCATQRLANFLVHSSNNFGAILSSTNVGSNTY,No effect,0
MASHRLLLLCLAGLVFVSEAGPTGTGESKCPLMVKVLDAVRGSPAINVAVHVFRKAADDTWEPFASGKTSESGELHGLTTEEEFVEGIYKVEIDTKSYWKALGISPFHEHAEVVFTANDSGPRRYTIAALLSPYSYSTTAVVTNPKE,No effect,0
KQFTKCELSQLLKDIDGYGGIALPELICTMFHTSGYDTQAIVENNESTEYGLFQISNKLWCKSSQVPQSRNICDISCDKFLDDDITDDIMCAKKILDIKGIDYWLAHKALCTEKLEQWLCEKL,Faster aggregation,2
KCNTATCATQRLANFLVHSSNNFGAILSSTNVGSNTY,Faster aggregation,2
VAIVYK,No effect,0
MASHRLLLLCLAGLVFVSEAGPTGTGESKCPLMVKVLDAVRGSPAINVAVHVFRKAADDTWEPFASGKTSESGELHGLTTEEEFVEGIYKVEIDTKSYWKALGISPFHEHAEVVFTANDSGPRRYTIAALLSPYSYSTTAVVTNPKE,No effect,0
MASHRLLLLCLAGLVFVSEAGPTGTGESKCPLMVKVLDAVRGSPAINVAVHVFRKAADDTWEPFASGKTSESGELHGLTTEEEFVEGIYKVEIDTKSYWKALGISPFHEHAEVVFTANDSGPRRYTIAALLSPYSYSTTAVVTNPKE,No aggregation,0
KKRPKPGGWNTGGSRYPGQGSPGGNRYPPQGGGGWGQPHGGGWGQPHGGGWGQPHGGGWGQPHGGGWGQGGGTHSQWNKPSKPKTNMKHMAGAAAAGAVVGGLGGYMLGSAMSRPMMHFGSD,No effect,0
KVFGRCELAAAMKRHGLDNYRGYSLGNWVCAAKFESNFNTQATNRNTDGSTDYGILQINSRWWCNDGRTPGSRNLCNIPCSALLSSDITASVNCAKKIVSDGNGMNAWVAWRNRCKGTDVQAWIRGCRL,Faster aggregation,2
GIVEQCCTSICSLYQLENYCN FVNQHLCGSHLVEALYLVCGERGFFYTPKT,Slower aggregation,1
DAEFRHDSGYEVHHQKLVFFAEDVGSNKGAIIGLMVGGVVIA,Slower aggregation,1
KKRPKPGGWNTGGSRYPGQGSPGGNRYPPQGGGGWGQPHGGGWGQPHGGGWGQPHGGGWGQPHGGGWGQGGGTHSQWNKPSKPKTNMKHMAGAAAAGAVVGGLGGYMLGSAMSRPMIHFGSD,Faster aggregation,2
DAEFRHDSGYEVHHQKLVFFAEDVGSNKGAIIGLMVGGVV,Slower aggregation,1
MDVFMKGLSKAKEGVVAAAEKTKQGVAEAAGKTKEGVLYVGSKTKEGVVHGVATVAEKTKEQVTNVGGAVVTGVTAVAQKTVEGAGSIAAATGFVKKDQLGKNEEGAPQEGILEDMPVDPDNEAYEMPSEEGYQDYEPEA,Faster aggregation,2
SEQUENCEUNAVAILABLE,Faster aggregation,2
DAEFRHDSGYEVHHQKLVFFAEDVGSNKGAIIGLMVGGVV,Faster aggregation,2
KKRPKPGGWNTGGSRYPGQGSPGGNRYPPQGGGGWGQPHGGGWGQPHGGGWGQPHGGGWGQPHGGGWGQGGGTHSQWNKPSKPKTNMKHMAGAAAAGAVVGGLGGYMLGSAMSRPIIHFGSDYEDRYYRENMHRYPNQVYYRPMDEYSNQNNFVHDCVNITIKQHTVTTTTKGENFTETDVKMMERVVEQMCITQYERESQAYYQRGSS,Slower aggregation,1
MEFVAKLFKFFKDLLGKFLGNN,Faster aggregation,2
MKWVTFISLLFLFSSAYSRGVFRRDAHKSEVAHRFKDLGEENFKALVLIAFAQYLQQCPFEDHVKLVNEVTEFAKTCVADESAENCDKSLHTLFGDKLCTVATLRETYGEMADCCAKQEPERNECFLQHKDDNPNLPRLVRPEVDVMCTAFHDNEETFLKKYLYEIARRHPYFYAPELLFFAKRYKAAFTECCQAADKAACLLPKLDELRDEGKASSAKQRLKCASLQKFGERAFKAWAVARLSQRFPKAEFAEVSKLVTDLTKVHTECCHGDLLECADDRADLAKYICENQDSISSKLKECCEKPLLEKSHCIAEVENDEMPADLPSLAADFVESKDVCKNYAEAKDVFLGMFLYEYARRHPDYSVVLLLRLAKTYETTLEKCCAAADPHECYAKVFDEFKPLVEEPQNLIKQNCELFEQLGEYKFQNALLVRYTKKVPQVSTPTLVEVSRNLGKVGSKCCKHPEAKRMPCAEDYLSVVLNQLCVLHEKTPVSDRVTKCCTESLVNRRPCFSALEVDETYVPKEFNAETFTFHADICTLSEKERQIKKQTALVELVKHKPKATKEQLKAVMDDFAAFVEKCCKADDKETCFAEEGKKLVAASQAALGL,No aggregation,0
MDVTIQHPWFKRTLGPFYPSRLFDQFFGEGLFEYDLLPFLSSTISPYYRQSLFRTVLDSGISEVRSDRDKFVIFLDVKHFSPEDLTVKVQDDFVEIHGKHNERQDDHGYISREFHRRYRLPSNVDQSALSCSLSADGMLTFCGPKIQTGLDATHAERAIPVSREEKPTSAPSS,Slower aggregation,1
DAEFRHDSGYEVHHQKLVFFAEDVGSNKGAIIGLMVGGVV,No effect,0
KKRPKPGGWNTGGSRYPGQGSPGGNRYPPQGGTWGQPHGGGWGQPHGGSWGQPHGGSWGQPHGGGWGQGGGTHNQWNKPSKPKTNLKHVAGAAAAGAVVGGLGGYMLGSAMSRPMIHFGNDW,No effect,0
SEQUENCEUNAVAILABLE,Slower aggregation,1
MDVFMKGLSKAKEGVVAAAEKTKQGVAEAAGKTKEGVLYVGSKTKEGVVHGVATVAEKTKEQVTNVGGAVVTGVTAVAQKTVEGAGSIAAATGFVKKDQLGKNEEGAPQEGILEDMPVDPDNEAYEMPSEEGYQDYEPEA,Faster aggregation,2
MDVFMKGLSKAKEGVVAAAEKTKQGVAEAAGKTKEGVLYVGSKTKEGVVHGVATVAEKTKEQVTNVGGAVVTGVTAVAQKTVEGAGSIAAATGFVKKDQLGKNEEGAPQEGILEDMPVDPDNEAYEMPSEEGYQDYEPEA,Faster aggregation,2
MDVFMKGLSKAKEGVVAAAEKTKQGVAEAAGKTKEGVLYVGSKTKEGVVHGVATVAEKTKEQVTNVGGAVVTGVTAVAQKTVEGAGSIAAATGFVKKDQLGKNEEGAPQEGILEDMPVDPDNEAYEMPSEEGYQDYEPEA,Faster aggregation,2
MDVFMKGLSKAKEGVVAAAEKTKQGVAEAAGKTKEGVLYVGSKTKEGVVHGVATVAEKTKEQVTNVGGAVVTGVTAVAQKTVEGAGSIAAATGFVKKDQLGKNEEGAPQEGILEDMPVDPDNEAYEMPSEEGYQDYEPEA,Faster aggregation,2
MDVFMKGLSKAKEGVVAAAEKTKQGVAEAAGKTKEGVLYVGSKVNGKVVHGVATVAEKTKEQVTNVGGAVVTGVTAVAQKTVEGAGSIAAATGFVKKDQLGKNEEGAPQEGILEDMPVDPDNEAYEMPSEEGYQDYEPEA,Slower aggregation,1
KCNTATCATQRLANFLVHSSNNFGAILSSTNVGSNTY,Faster aggregation,2
DAEFRHDSGYEVHHQKLVFFAEDVGSNKGAIIGLMVGGVV,No effect,0
KCNTATCATQRLANFLVHSGNNFGAILSSTNVGSNTY,Faster aggregation,2
GIVEQCCTSICSLYQLENYCN FVNQHLCGSHLVEALYLVCGERGFFYTPKT,Slower aggregation,1
ATQRLANFLVHGGGNFGAILS,No effect,0
MGIIAGIIKVIKSLIEQFTGK,Faster aggregation,2
DARPAADRGLTTRPGSGLTNIKTEEISEVKMDAEFRHDSGYEVHHQKLVFFAEDVGSNKGAIIGLMVGGVVIA,Faster aggregation,2
MDVFMKGLSKAKEGVVAAAEKTKQGVAEAAGKTKEGVLYVGSKTKEGVVHGVATVAEKTKEQVTNVGGAVVTGVTAVAQKTVEGAGSIAAATGFVKKDQLGKNEEGAPQEGILEDMPVDPDNEAYEMPSEEGYQDYEPEA,No effect,0
KKRPKPGGWNTGGSRYPGQGSPGGNRYPPQGGGTWGQPHGGGWGQPHGGGWGQPHGGGWGQPHGGGWGQGGGTHNQWNKPSKPKTNMKHMAGAAAAGAVVGGLGGYMLGSAMSRPMMHFGNDWEDRYYRENMNRYPNQVYYRPVDQYNNQNNFVHDCVNITIKQHTVTTTTKGENFTETDIKIMERVVEQMCTTQYQKESQAYYDGRRS,Slower aggregation,1
RLDKQGNFNAWVAGSYGNDQWLQVDLGSSKEVTGIITQGARNFGSVQFVA,Faster aggregation,2
GPTGTGESKCPLMVKVLDAVRGSPAINVAVHVFRKAADDTWEPFASGKTSESGELHGLTTEEEFVEGIYKVEIDTKSYWKALGISPFHEHAEVVFTANDSGPRRYTIAALLSPYSYSTTAVVTNPKE,No aggregation,0
VQAVYK,Slower aggregation,1
QTIEENIKIFEEEEVEFISVPVPEFADSDPANIVHDFNKKLTAYLDLNLDKCYVIPLNTSIVMPPRNLLELLINIKAGTYLPQSYLIHEHMVITDRIENIDHLGFFIYRLCHDKETYKL,No aggregation,0
FRHDSGYEVHHQKLVFFAEDVGSNKGAIIGLMVGGVV,Faster aggregation,2
MKLLKVAAFAAIVVSGSALAGVVPQWGGGGNHNGGGNSSGPDSTLSIYQYGSANAALALQSDARKSETTITQSGYGNGADVGQGADNSTIELTQNGFRNNATIDQWNAKNSDITVGQYGGNNAALVNQTASDSSVMVRQVGFGNNATANQY,No effect,0
MDVFMKGLSKAKEGVVAAAEKTKQGVAEAAGKTKEGVLYVGSKTKEGVVHGVATVAEKTKEQVTNVGGAVVTGVTAVAQKTVEGAGSIAAATGFVKKDQMGKGEEGYPQEGILEDMPVDPGSEAYEMPSEEGYQDYEPEA,No effect,0
KCNTATCATQRLANFLVRSSNNLGPVLPPTNVGSNTY,Slower aggregation,1
MKWVTFISLLFLFSSAYSRGVFRRDAHKSEVAHRFKDLGEENFKALVLIAFAQYLQQCPFEDHVKLVNEVTEFAKTCVADESAENCDKSLHTLFGDKLCTVATLRETYGEMADCCAKQEPERNECFLQHKDDNPNLPRLVRPEVDVMCTAFHDNEETFLKKYLYEIARRHPYFYAPELLFFAKRYKAAFTECCQAADKAACLLPKLDELRDEGKASSAKQRLKCASLQKFGERAFKAWAVARLSQRFPKAEFAEVSKLVTDLTKVHTECCHGDLLECADDRADLAKYICENQDSISSKLKECCEKPLLEKSHCIAEVENDEMPADLPSLAADFVESKDVCKNYAEAKDVFLGMFLYEYARRHPDYSVVLLLRLAKTYETTLEKCCAAADPHECYAKVFDEFKPLVEEPQNLIKQNCELFEQLGEYKFQNALLVRYTKKVPQVSTPTLVEVSRNLGKVGSKCCKHPEAKRMPCAEDYLSVVLNQLCVLHEKTPVSDRVTKCCTESLVNRRPCFSALEVDETYVPKEFNAETFTFHADICTLSEKERQIKKQTALVELVKHKPKATKEQLKAVMDDFAAFVEKCCKADDKETCFAEEGKKLVAASQAALGL,No effect,0
KCNTATCATQRLANFLVRSSNNLGPVLPPTNVGSNTY,Slower aggregation,1
NVGSNTY,Slower aggregation,1
RHDSGYEVHHQKLVFFAEDVGSNKGAIIGLMVGGVVIA,Faster aggregation,2
MDIAIHHPWIRRPFFPFHSPSRLFDQFFGEHLLESDLFPTSTSLSPFYLRPPSFLRAPSWFDTGLSEMRLEKDRFSVNLDVKHFSPEELKVKVLGDVIEVHGKHEERQDEHGFISREFHRKYRIPADVDPLTITSSLSSDGVLTVNGPRKQVSGPERTIPITREEKPAVTAAPKK,Slower aggregation,1
QTAPVPMPDLKNVKSKIGSTENLKHQPGGGKVQIINKKLDLSNVQSKCGSKDNIKHVPGGGSVQIVYKPVDLSKVTSKCGSLGNIHHKPGGGQVEVKSEKLDFKDRVQSKIGSLDNITHVPGGGNKKIE,Faster aggregation,2
DAEFRHDSGYEVHHQKLVFFAEDVGSNKGAIIGLMVGGVVIA,Faster aggregation,2
MDIAIHHPWIRRPFFPFHSPSRLFDQFFGEHLLESDLFPTSTSLSPFYLRPPSFLRAPSWFDTGLSEM,Faster aggregation,2
KKRPKP,Faster aggregation,2
MKSQAKMSLIALAITAGLSGHALAASTINEISVKQTGEGQDTLVAQTGVINAAAVTQTGNAQVATVVQDGVWHEAQVNSTGDANEVTVSQQTDWHVAAVDVTGNNNEAEVTQDGFFNQSSNDVVGNDNLVSVNQLGELNESYVEITGNENSAFVEQEGDENLAVFRVEGDNNDGDIKQYGNNNQAGLIALDLSANVGNNNDVSVEQIGNNNFGAAKGIAGNDNSVDIYQKGDNHTGFVYALAGSENDISMEQEGSNNTAYLSMTTGDDNTVDITQDGDSNTVGDSLIADIQGDDNDITIKQKGDSNGAEFQVWGDSNDVDLKQRGDANFATFGAYGTDNDFDLSSKGDNNELVAFATGEDNSIEISQEGDANFAYVDATGNDNEVNVEQDGDQNETIITVEGNNNADVTALQHRGDLNLIDLIIEGDENAAEITQAGSGNWVGGDSSSSFAASSFGVSGDNNSLMITQTGNDNLVLGSQAGNNNSISVTQSGDMNVATVVQY,No effect,0
MDVFMKGLSKAKEGVVAAAEKTKQGVAEAAGKTKEGVLYVGSKTKEGVVHGVATVAEKTKEQVTNVGGAVVTGVTAVAQKTVEGAGSIAAATGFVKKDQLGKNEEGAPQEGILEDMPVDPDNEAYEMPSEEGYQDYEPEA,Slower aggregation,1
GIVEQCCTSICSLYQLENYCN FVNQHLCGSHLVEALYLVCGERGFFYTPKT,Slower aggregation,1
MDVTIQHPWFKRTLGPFYPSRLFDQFFGEGLFEYDLLPFLSSTISPYYRQSLFRTVLDSG,Faster aggregation,2
MASHRLLLLCLAGLVFVSEAGPTGTGESKCPLMVKVLDAVRGSPAINVAVHVFRKAADDTWEPFASGKTSESGELHGLTTEEEFVEGIYKVEIDTKSYWKALGISPFHEHAEVVFTANDSGPRRYTIAALLSPYSYSTTAVVTNPKE,Faster aggregation,2
MDVFMKGLSKAKEGVVAAAEKTKQGVAEAAGKTKEGVLYVGSKTKEGVVHGVATVAEKTKEQVTNVGGAVVTGVTAVAQKTVEGAGSIAAATGFVKKDQLGKNEEGAPQEGILEDMPVDPDNEAYEMPSEEGYQDYEPEA,Faster aggregation,2
KCNTATCATQRLANFLVHSSNNFGAPLSSTNVGSNTY,No effect,0
DTHKSEIAHRFKDLGEEHFKGLVLIAFSQYLQQCPFDEHVKLVNELTEFAKTCVADESHAGCEKSLHTLFGDELCKVASLRETYGDMADCCEKQEPERNECFLSHKDDSPDLPKLKPDPNTLCDEFKADEKKFWGKYLYEIARRHPYFYAPELLYYANKYNGVFQECCQAEDKGACLLPKIETMREKVLASSARQRLRCASIQKFGERALKAWSVARLSQKFPKAEFVEVTKLVTDLTKVHKECCHGDLLECADDRADLAKYICDNQDTISSKLKECCDKPLLEKSHCIAEVEKDAIPENLPPLTADFAEDKDVCKNYQEAKDAFLGSFLYEYSRRHPEYAVSVLLRLAKEYEATLEECCAKDDPHACYSTVFDKLKHLVDEPQNLIKQNCDQFEKLGEYGFQNALIVRYTRKVPQVSTPTLVEVSRSLGKVGTRCCTKPESERMPCTEDYLSLILNRLCVLHEKTPVSEKVTKCCTESLVNRRPCFSALTPDETYVPKAFDEKLFTFHADICTLPDTEKQIKKQTALVELLKHKPKATEEQLKTVMENFVAFVDKCCAADDKEACFAVEGPKLVVSTQTALA,Faster aggregation,2
KCNTATCATQRLANFLVHSSNNFGAILSSTNVGSNTY,No aggregation,0
MDVFMKGLSKAKEGVVAAAEKTKQGVAEAAGKTKEGVLYVGSKTKEGVVHGVATVAEKTKEQVTNVGGAVVTGVTAVAQKTVEGAGSIAAATGFVKKDQLGKNEEGAPQEGILEDMPVDPDNEAYEMPSEEGYQDYEPEA,Faster aggregation,2
DAEFRHDSGYEVHHQKLVFFAEDVGSNKGAIIGLMVGGVV,Faster aggregation,2
MTCKMSQLERNIETIINTFHQYSVKLGHPDTLNQGEFKELVRKDLQNFLKKENKNEKVIEHIMEDLDTNADKQLSFEEFIMLMARLTWASHEKMHEGDEGPGHHHKPGLGEGTP,Slower aggregation,1
KVFGRCELAAAMKRHGLDNYRGYSLGNWVCAAKFESNFNTQATNRNTDGSTDYGILQINSRWWCNDGRTPGSRNLCNIPCSALLSSDITASVNCAKKIVSDGNGMNAWVAWRNRCKGTDVQAWIRGCRL,Faster aggregation,2
LIVTQTMKGLDIQKVAGTWYSLAMAASDISLLDAQSAPLRVYVEELKPTPEGDLEILLQKWENGECAQKKIIAEKTKIPAVFKIDALNENKVLVLDTDYKKYLLFCMENSAEPEQSLACQCLVRTPEVDDEALEKFDKALKALPMHIRLSFNPTQLEEQCHI,Slower aggregation,1
DAEFRHDSGYEVHHQKLVFFAEDVGSNKGAIIGLMVGGVVIA,Faster aggregation,2
MDVFMKGLSKAKEGVVAAAEKTKQGVAEAAGKTKEGVLYVGSKTKEGVVHGVATVAEKTKEQVTNVGGAVVTGVTAVAQKTVEGAGSIAAATGFVKKDQLGKNEEGAPQEGILEDMPVDPDNEAY,Faster aggregation,2
DAEFRHDSGYEVHHQKLVFFAEDVGSNKGAIIGLMVGGVV,Faster aggregation,2
VQIVYA,Faster aggregation,2
MDVFMKGLSKAKEGVVAAAEKTKQGVAEAAGKTKEGVLYVGSKTKEGVVHGVATVAEKTKEQVTNVGGAVVTGVTAVAQKTVEGAGSIAAATGFVKKDQLGKNEEGAPQEGILEDMPVDPDNEAYEMPSEEGYQDYEPEA,Slower aggregation,1
DAEFRHDSGYEVHHQKLVFFAEDVGSNKGAIIGLMVGGVV,Slower aggregation,1
MDVFMKGLSKAKEGVVAAAEKTKQGVAEAAGKTKEGVLYVGSKTKEGVVHGVATVAEKTKEQVTNVGGAVVTGVTAVAQKTVEGAGSIAAATGFVKKDQLGKNEEGAPQEGILEDMPVDPDNEAYEMPSEEGYQDYEPEA,No aggregation,0
MDVFMKGLSKAKEGVVAAAEKTKQGVAEAAGKTKEGVLYVGSKTKEGVVHGVTTVAEKTKEQVTNVGGAVVTGVTAVAQKTVEGAGNIAAATGFVKKDQLGKGEEGAPQEGILEDMPVDPDNEAYEMPSEEGYQDYEPEA,No effect,0
NFGAILS,No aggregation,0
KCNTATCATQRLANDLVRSSNNLGPVLPPTNVGSNTY,Slower aggregation,1
SHLVEALYLV,No aggregation,0
RLDKQGNFNAWVAGSYGNDQWLQVDLGSSKEVTGIITQGARNFGSVQFVA,Faster aggregation,2
GNNQQNY,Faster aggregation,2
GPTGTGESKCPLMVKVLDAVRGSPAINVAVHVFRKAADDTWEPFASGKTSESGELHGLTTEEEFVEGIYKVEIDTKSYWKALGISPMHEHAEVVFTANDSGPRRYTIAAMLSPYSYSTTAVVTNPKE,No aggregation,0
MDVFMKGLSKAKEGVVAAAEKTKQGVAEAAGKTKEGVLYVGSKTKEGVVHGVTTVAEKTKEQVTNVGGAVVTGVTAVAQKTVEGAGSIAAATGFVKKDQMGKGEEGYPQEGILEDMPVDPGSEAYEMPSEEGYQDYEPEA,Faster aggregation,2
MDVFMKGLSKAKEGVVAAAEKTKQGVAEAAGKTKEGVLYVGSKTKEGVVHGVATVAEKTKEQVTNVGGAVVTGVTAVAQKTVEGAGSIAAATGFVKKDQLGKNEEGAPQEGILEDMPVDPDNEAYEMPSEEGYQDYEPEA,Faster aggregation,2
KCNTATCATQRLANFLVHSSNNFGAILSSTNVGSNTY,Faster aggregation,2
VQIVYK,Faster aggregation,2
MGIIAGIIKVIKSLIEQFTGK,Faster aggregation,2
MDVFMKGLSKAKEGVVAAAEKTKQGVAEAAGKTKEGVLYVGSKTKEGVVHGVATVAEKTKEQVTNVGGAVVTGVTAVAQKTVEGAGSIAAATGFVKKDQLGKNEEGAPQEGILEDMPVDPDNEAYEMPSEEGYQDYEPEA,No effect,0
GNNQQNY,No effect,0
KKRPKPGGWNTGGSRYPGQGSPGGNRYPPQGGGTWGQPHGGGWGQPHGGGWGQPHGGGWGQPHGGGWGQGGGTHNQWNKPSKPKTNMKHMAGAAAAGAVVGGLGGYMLGSAMSRPMMHFGND,Faster aggregation,2
DAEFRHDSGYEVHHQKLVFFAEDVGSNKGAIIGLMVGGVVIA,No effect,0
KTNMKHMAGAAAAGAVVGGLG,No effect,0
MSDSNQGNNQQNYQQYSQNGNQQQGNNRYQGYQAYNAQAQPAGGYYQNYQGYSGYQQGGYQQYNPDAGYQQQYNPQGGYQQYNPQGGYQQQFNPQGGRGNYKNFNYNNNLQGYQAGFQPQSQGMSLNDFQKQQKQAAPKPKKTLKLVSSSGIKLANATKKVGTKPAESDKKEEEKSAETKEPTKEPTKVEEPVKKEEKPVQTEEKTEEKSELPKVEDLKISESTHNTNNANVTSADALIKEQEEEVDDEVVND,Faster aggregation,2
MEEPQSDPSVEPPLSQETFSDLWKLLPENNVLSPLPSQAMDDLMLSPDDIEQWFTEDPGPDEAPRMPEAAPPVAPAPAAPTPAAPAPAPSWPLSSSVPSQKTYQGSYGFRLGFLHSGTAKSVTCTYSPALNKMFCQLAKTCPVQLWVDSTPPPGTRVRAMAIYKQSQHMTEVVRHCPHHERCSDSDGLAPPQHLIRVEGNLRVEYLDDRNTFRHSVVVPYEPPEVGSDCTTIHYNYMCNSSCMGGMNRRPILTIITLEDSSGNLLGRNSFEVRVCACPGRDRRTEEENLRKKGEPHHELPPGSTKRALPNNTSSSPQPKKKPLDGEYFTLQIRGRERFEMFRELNEALELKDAQAGKEPGGSRAHSSHLKSKKGQSTSRHKKLMFKTEGPDSD,Faster aggregation,2
LIQSAFGNNVHLSRFNSSAL,No effect,0
KTNMKHMAGAAAAGAVVGGLG,Faster aggregation,2
KKRPKPGGWNTGGSRYPGQGSPGGNRYPPQGGGTWGQPHGGGWGQPHGGGWGQPHGGGWGQPHGGGWGQGGGTHNQWNKPSKPKTNMKHMAGAAAAGAVVGGLGGYMLGSAMSRPMMHFGNDWEDRYYRENMNRYPNQVYYRPVDQYNNQNNFVHDCVNITIKQHTVTTTTKGENFTETDIKIMERVVEQMCTTQYQKESQAYYDGRRS,Slower aggregation,1
KVFGRCELAAAMKRHGLDNYRGYSLGNWVCAAKFESNFNTQATNRNTDGSTDYGILQINSRWWCNDGRTPGSRNLCNIPCSALLSSDITASVNCAKKIVSDGNGMNAWVAWRNRCKGTDVQAWIRGCRL,No aggregation,0
MDIAIHHPWIRRPFFPFHSPSRLFDQFFGEHLLESDLFPTSTSLSPFYLRPPSFLRAPSWFDTGLSEMRLEKDRFSVNLDVKHFSPEELKVKVLGDVIEVHGKHEERQDEHGFISREFHRKYRIPADVDPLTITSSLSSDGVLTVNGPRKQVSGPERTIPITREEKPAVTAAPKK,Slower aggregation,1
KVFERCELARTLKRLGMDGYRGISLANWMCLAKWESGYNTRATNYNAGDRSTDYGIFQINSRYWCNDGKTPGAVNACHLSCSALLQDNIADAVACAKRVVRDPQGIRAWVAWRNRCQNRDVRQYVQGCGV,Faster aggregation,2
DAEFRHDSGYEVHHQKLVFFAEDVGSNKGAIIGLMVGGVVIA,Slower aggregation,1
MDVFMKGLSKAKEGVVAAAEKTKQGVAEAAGKTKEGVLYVGSKTKEGVVHGVATVAEKTKEQVTNVGGAVVTGVTAVAQKTVEGAGSIAAATGFVKKDQLGKNEEGAPQEGILEDMPVDPDNEAYEMPSEEGYQDYEPEA,No aggregation,0
GIVEQCCTSICSLYQLENYCN FVNQHLCGSHLVEALYLVCGERGFFYTPKT,Slower aggregation,1
GIVEQCCTSICSLYQLENYCN FVNQHLCGSHLVEALYLVCGERGFFYTPKT,Slower aggregation,1
MDVFMKGLSKAKEGVVAAAEKTKQGVAEAAGKTKEGVLYVGSKTKEGVVHGVTTVAEKTKEQVTNVGGAVVTGVTAVAQKTVEGAGNIAAATGFVKKDQLGKNEEGAPQEGILEDMPVDPDNEAYEMPSEEGYQDYEPEA,Faster aggregation,2
MDVFMKGLSKAKEGVVAAAEKTKQGVAEAAGKTKEGVLYVGSKTKEGVVHGVATVAEKTKEQVTNVGGAVVTGVTAVAQKTVEGAGSIAAATGFVKKDQLGKNEEGAPQEGILEDMPVDPDNEAYEMPSEEGYQDYEPEA,Faster aggregation,2
LVTTATFSIGSTGLVVYDYQQLLIAYKPAPGTCCYIMKIAPESIPSLEALNRKVHNFQMECSLQAKPAVPTSKLGQAEGRDAGSAPSGGDPAFLGMAVNTLCGEVPLYYI,Slower aggregation,1
MDVFMKGLSKAKEGVVAAAEKTKQGVAEAAGKTKEGVLYVGSKTKEGVVHGVATVAEKTKEQVTNVGGAVVTGVTAVAQKTVEGAGSIAAATGFVKKDQLGKNEEGAPQEGILEDMPVDPDNEAYEMPSEEGYQDYEPEA,No aggregation,0
GVVPQYGGGGNHGGGGNNSGPNSELNIYQYGGGNSALALQTDARNSDLTITQHGGGNGADVGQGSDDSSIDLTQRGFGNSATLDQWNGKNSEMTVKQFGGGNGAAVDQTASNSSVNVTQVGFGNNATAHQY,Faster aggregation,2
MKLLKVAAIAAIVFSGSALAGVVPQYGGGGNHGGGGNNSGPNSELNIYQYGGGNSALALQTDARNSDLTITQHGGGNGADVGQGSDDSSIDLTQRGFGNSATLDQWNGKNSEMTVKQFGGGNGAAVDQTASNSSVNVTQVGFGNNATAHQY,Faster aggregation,2
MKLLKVAAFAAIVVSGSALAGVVPQWGGGGGHNNGGNNSGPESTLSIFQYGSANSALALQSDARKSDLSIKQYGHGNGADVGQGADNSGIDLTQNGYRNSATIDQWNAKNSDIVVSQFGGRNGALVNQTASDSQVSVTQVGFGNNATANQY,No effect,0
DAEFRHDSGYEVHHQKLVFFAEDVGSNKGAIIGLMVGGVVIA,Faster aggregation,2
MAQDIISTIGDLVKWIIDTVNKFTKK,No aggregation,0
GIVEQCCTSICSLYQLENYCN FVNQHLCGSHLVEALYLVCGERGFFYTPKT,Faster aggregation,2
MDVFMKGLSKAKEGVVAAAEKTKQGVAEAAGKTKEGVLYVGSKTKEGVVHGVATVAEKTKEQVTNVGGAVVTGVTAVAQKTVEGAGSIAAATGFVKKDQLGKNEEGAPQEGILEDMPVDPDNEAYEMPSEEGYQDYEPEA,Faster aggregation,2
QTAPVPMPDLKNVKSKIGSTENLKHQPGGGKVQIINKKLDLSNVQSKCGSKDNIKHVPGGGSVQIVYKPVDLSKVTSKCGSLGNIHHKPGGGQVEVKSEKLDFKDRVQSKIGSLDNITHVPGGGNKKIE,Faster aggregation,2
MASHRLLLLCLAGLVFVSEAGPTGTGESKCPLMVKVLDAVRGSPAINVAVHVFRKAADDTWEPFASGKTSESGELHGLTTEEEFVEGIYKVEIDTKSYWKALGISPFHEHAEVVFTANDSGPRRYTIAALLSPYSYSTTAVVTNPKE,Slower aggregation,1
MAGPLRAPLLLLAILAVALAVSPAAGSSPGKPPRLVGGPMDASVEEEGVRRALDFAVGEYNKASNDMYHSRALQVVRARKQIVAGVNYFLDVELGRTTCTKTQPNLDNCPFHDQPHLKRKAFCSFQIYAVPWQGTMTLSKSTCQDA,No aggregation,0
GIVEQCCTSICSLYQLENYCN,Faster aggregation,2
MDVFMKGLSKAKEGVVAAAEKTKQGVAEAAGKTKEGVLYVGSKTKEGVVHGVATVAEKTKEQVTNVGGAVVTGVTAVAQKTVEGAGSIAAATGFVKKDQLGKNEEGAPQEGILEDMPVDPDNEAYEMPSEEGYQDYEPEA,Slower aggregation,1
MAGPLRAPLLLLAILAVALAVSPAAGSSPGKPPRLVGGPMDASVEEEGVRRALDFAVGEYNKASNDMYHSRALQVVRARKQIVAGVNYFLDVELGRTTCTKTQPNLDNCPFHDQPHLKRKAFCSFQIYAVPWQGTMTLSKSTCQDA,Slower aggregation,1
KCNTATCATQRLANFLVHSGNNFGAILSSTNVGSNTY,Faster aggregation,2
MDIAIHHPWIHRPFFPFHSPSRLFDQFFGEHLLESDLFPTSTSLSPFYLRPPSFLRAPSWFDTGLSEIRLEKDRFSVNLDVKHFSPEELKVKVLGDVIEVHGKHEERQDEHGFISREFHRKYRIPADVDVLTITSSLSSDGVLTVNGPRKQVSGPERTIPITREEKPAVTAAPKKHMFVNQHLCGSHLVEALYLVCGERGFFYTPKT,Slower aggregation,1
KCNTATCATQRLANFLVHSGNNFGAILSSTNVGSNTY,Faster aggregation,2
DAEFRHDSGYEVHHQKLVFFAEDVGSNKGAIIGLMVGGVV,Slower aggregation,1
KCNTATCATQRLANFLVRSSNNLGVPLPPTNVGSNTY,No effect,0
RHDSGYEVHHQKLVFFAEDVGSNKGAIIGLMVGGVVIA,Slower aggregation,1
MDVFMKGLSKAKEGVVAAAEKTKQGVAEAAGKTKEGVLYVGSKTKEGVVHGVTTVAEKTKEQVTNVGGAVVTGVTAVAQKTVEGAGNIAAATGFVKKDQLGKNEEGAPQEGILEDMPVDPDNEAYEMPSEEGYQDYEPEA,No effect,0
TPIESHQVEKRKCNTATCATQRLANFLVHSSNNFGAILSSTNVGSNTYGLRNAVEVLKREPLNYLPL,No aggregation,0
DAEFRHDSGYEVHHQKLVFFAEDVGSNKGAIIGLMVGGVV,Faster aggregation,2
VQIAYK,No effect,0
DAEFRHDSGYEVHHQKLVFFAEDVGSNKGAIIGLMVGGVVIA,Slower aggregation,1
MDHHHHHHWIHRPFFPFHSPSRLFDQFFGEHLLESDLFPTSTSLSPFYLRPPSFLRAPSWFDTGLSEIRLEKDRFSVNLDVKHFSPEELKVKVLGDVIEVHGKHEERQDEHGFISREFHRKYRIPADVDVLTITSSLSSDGVLTVNGPRKQVSGPERTIPITREEKPAVTAAPKKHMGIVEQCCTSICSLYQLENYCN,Faster aggregation,2
KKRPKPGGWNTGGSRYPGQGSPGGNRYPPQGGTWGQPHGGGWGQPHGGSWGQPHGGSWGQPHGGGWGQGGGTHNQWNKPSKPKTNLKHV,Slower aggregation,1
DAEFRHDSGYEVHHQKLVFFAEDVGSNKGAIIGLMVGGVV,Slower aggregation,1
NFGAIL,No aggregation,0
SEQUENCEUNAVAILABLE,No aggregation,0
VQAVYK,No effect,0
MKWVTFISLLFLFSSAYSRGVFRRDAHKSEVAHRFKDLGEENFKALVLIAFAQYLQQCPFEDHVKLVNEVTEFAKTCVADESAENCDKSLHTLFGDKLCTVATLRETYGEMADCCAKQEPERNECFLQHKDDNPNLPRLVRPEVDVMCTAFHDNEETFLKKYLYEIARRHPYFYAPELLFFAKRYKAAFTECCQAADKAACLLPKLDELRDEGKASSAKQRLKCASLQKFGERAFKAWAVARLSQRFPKAEFAEVSKLVTDLTKVHTECCHGDLLECADDRADLAKYICENQDSISSKLKECCEKPLLEKSHCIAEVENDEMPADLPSLAADFVESKDVCKNYAEAKDVFLGMFLYEYARRHPDYSVVLLLRLAKTYETTLEKCCAAADPHECYAKVFDEFKPLVEEPQNLIKQNCELFEQLGEYKFQNALLVRYTKKVPQVSTPTLVEVSRNLGKVGSKCCKHPEAKRMPCAEDYLSVVLNQLCVLHEKTPVSDRVTKCCTESLVNRRPCFSALEVDETYVPKEFNAETFTFHADICTLSEKERQIKKQTALVELVKHKPKATKEQLKAVMDDFAAFVEKCCKADDKETCFAEEGKKLVAASQAALGL,No effect,0
GPTGTGESKCPLMVKVLDAVRGSPAINVAVHVFRKAADDTWEPFASGKTSESGELHGLTTEEEFVEGIYKVEIDTKSYWKALGISPFHEHAEVVFTANDSGPRRYTIAALLSPYSYSTTAVVTNPKE,No aggregation,0
MDVFMKGLSKAKEGVVAAAEKTKQGVAEAAGKTKEGVLYVGSKTKEGVVHGVTTVAEKTKEQVTNVGGAVVTGVTAVAQKTVEGAGSIAAATGFVKKDQLGKNEEGAPQEGILEDMPVDPDNEAYEMPSEEGYQDYEPEA,Faster aggregation,2
MDVFMKGLSKAKEGVVAAAEKTKQGVAEAAGKTKEGVLYVGSKTKEGVVHGVATVAEKTKEQVTNVGGAVVTGVTAVAQKTVEGAGSIAAATGFVKKDQLGKNEEGAPQEGILEDMPVDPDNEAYEMPSEEGYQDYEPEA,No effect,0
MKALIVLGLVLLSVTVQGKVFERCELARTLKRLGMDGYRGISLANWMCLAKWESGYNTRATNYNAGDRSTDYGIFQINSRYWCNDGKTPGAVNACHLSCSALLQDNIADAVACAKRVVRDPQGIRAWVAWRNRCQNRDVRQYVQGCGV,No effect,0
TPIESHQVEKRKCNTATCATQRLANFLVHSSNNFGAILSSTNVGSNTYGLRNAVEVLKREPLNYLPL,Faster aggregation,2
KKRPKPGGWNTGGSRYPGQGSPGGNRYPPQGGGTWGQPHGGGWGQPHGGGWGQPHGGGWGQPHGGGWGQGGGTHNQWNKPSKPKTNMKHMAGAAAAGAVVGGLGGYMLGSAMSRPMMHFGNDWEDRYYRENMNRYPNQVYYRPVDQYNNQNNFVHDCVNITIKQHTVTTTTKGENFTETDIKIMERVVEQMCTTQYQKESQAYYDGRRS,Slower aggregation,1
NFGAILSS,No aggregation,0
DFVIFLDVKHFSPEDLTVK,Slower aggregation,1
KCNTATCATQRLANFLVHSSNNFGAILSSTNVGSNTY,Slower aggregation,1
GIVEQCCASVCSLYQLENYCN FVNQHLCGSHLVEALYLVCGERGFFYTPKA,Faster aggregation,2
DAEFRHDSGYEVHHQKLVFFAEDVGSNKGAIIGLMVGGVV,Faster aggregation,2
RHDSGYEVHHQKLVFFAEDVGSNKGAIIGLMVGGVVIA,Faster aggregation,2
SEQUENCEUNAVAILABLE,Faster aggregation,2
MAGPLRAPLLLLAILAVALAVSPAAGSSPGKPPRLVGGPMDASVEEEGVRRALDFAVGEYNKASNDMYHSRALQVVRARKQIVAGVNYFLDVELGRTTCTKTQPNLDNCPFHDQPHLKRKAFCSFQIYAVPWQGTMTLSKSTCQDA,No aggregation,0
KCNTATCATQRLANFLVHSSNNFGAILSSTNVGSNTY,Faster aggregation,2
DARPAADRGLTTRPGSGLTNIKTEEISEVKMDAEFRHDSGYEVHHQKLVFFAEDVGSNKGAIIGLMVGGVVIA,Faster aggregation,2
KVFGRCELAAAMKRHGLDNYRGYSLGNWVCAAKFESNFNTQATNRNTDGSTDYGILQINSRWWCNDGRTPGSRNLCNIPCSALLSSDITASVNCAKKIVSDGNGMNAWVAWRNRCKGTDVQAWIRGCRL,No aggregation,0
KKRPKPGGWNTGGSRYPGQGSPGGNRYPPQGGTWGQPHGGGWGQPHGGSWGQPHGGSWGQPHGGGWGQGGGTHNQWNKPSKPKTNLKHVAGAAAAGAVVGGLGGYMLGSAMSRPMIHFGNDWEDRYYRENMYRYPNQVYYRPVDQYSNQNNFVHDCVNITIKQHTVTTTTKGENFTETDVKMMERVVEQMCVTQYQKESQAYYDGRRS,Slower aggregation,1
VQIVYK,No aggregation,0
DAEFRHDSGYEVHHQKLVFFAEDVGSNKGAIIGLMVGGVVIA,Faster aggregation,2
MDVFMKGLSKAKEGVVAAAEKTKQGVAEAAGKTKEGVLYVGSKTKEGVVHGVATVAEKTKEQVTNVGGAVVTGVTAVAQKTVEGAGSIAAATGFVKKDQLGKNEEGAPQEGILEDMPVDPDNEAYEMPS,Faster aggregation,2
DAEFRHDSGYEVHHQKLVFFAEDVGSNKGAIIGLMVGGVV,Slower aggregation,1
DAEFRHDSGYEVHHQKLVFFAEDVGSNKGAIIGLMVGGVVIA,No effect,0
MASHRLLLLCLAGLVFVSEAGPTGTGESKCPLMVKVLDAVRGSPAINVAVHVFRKAADDTWEPFASGKTSESGELHGLTTEEEFVEGIYKVEIDTKSYWKALGISPFHEHAEVVFTANDSGPRRYTIAALLSPYSYSTTAVVTNPKE,Slower aggregation,1
MEFVAKLFKFFKDLLGKFLGNN,Slower aggregation,1
KVFGRCELAAAMKRHGLDNYRGYSLGNWVCAAKFESNFNTQATNRNTDGSTDYGILQINSRWWCNDGRTPGSRNLCNIPCSALLSSDITASVNCAKKIVSDGNGMNAWVAWRNRCKGTDVQAWIRGCRL,Faster aggregation,2
MDVFMKGLSKAKEGVVAAAEKTKQGVAEAAGKTKEGVLYVGSKTKEGVVHGVATVAEKTKEQVTNVGGAVVTGVTAVAQKTVEGAGSIAAATGFVKKDQLGKNEEGAPQEGILEDMPVDPDNEAYEMPSEEGYQDYEPEA,Faster aggregation,2
MDVFMKGLSKAKEGVVAAAEKTKQGVAEAAGKTKEGVLYVGSKTKEGVVHGVATVAEKTKEQVTNVGGAVVTGVTAVAQKTVEGAGNIAAATGFVKKDQLGKNEEGAPQEGILEDMPVDPDNEAYEMPSEEGYQDYEPEA,Faster aggregation,2
KVFERCELARTLKRLGMDGYRGISLANWMCLAKWESGYNTRATNYNAGDRSTDYGIFQINSRYWCNDGKTPGAVNACHLSCSALLQDNIADAVACAKRVVRDPQGIRAWVAWRNRCQNRDVRQYVQGCGV,Faster aggregation,2
MDTDKLISEAESHFSQGNHAEAVAKLTSAAQSNPNDEQMSTIESLIQKIAGYVMDNRSGGSDASQDRAAGGGSSFMNTLMADSKGSSQTQLGKLALLATVMTHSSNKGSSNRGFDVGTVMSMLSGSGGGSQSMGASGLAALASQFFKSGNNSQGQGQGQGQGQGQGQGQGQGSFTALASLASSFMNSNNNNQQGQNQSSGGSSFGALASMASSFMHSNNNQNSNNSQQGYNQSYQNGNQNSQGYNNQQYQGGNGGYQQQQGQSGGAFSSLASMAQSYLGGGQTQSNQQQYNQQGQNNQQQYQQQGQNYQHQQQGQQQQQGHSSSFSALASMASSYLGNNSNSNSSYGGQQQANEYGRPQQNGQQQSNEYGRPQYGGNQNSNGQHESFNFSGNFSQQNNNGNQNRY,No effect,0
KKRPKPGGWNTGGSRYPGQGSPGGNRYPPQGGGGWGQPHGGGWGQPHGGGWGQPHGGGWGQPHGGGWGQGGGTHSQWNKPSKPKTNMKHMAGAAAAGAVVGGLGGYMLGSAMSRPMIHFGSD,Faster aggregation,2
GSNKGAIIGLM,No effect,0
DAEFRHDSGYEVHHQKLVSFAEDVGSNKGAIIGPMVGGVVIA,Slower aggregation,1
ATQRLANFLVHLLLNFGAILS,No aggregation,0
DAEFRHDSGYEVHHQKLVFFAEDVGSNKGAIIGLMVGGVVIA,No effect,0
DAEFRHDSGYEVHHQKLVFFAEDVGSNKGAIIGLMVGGVVIA,Faster aggregation,2
KVFGRCELAAAMKRHGLDNYRGYSLGNWVCAAKFESNFNTQATNRNTDGSTDYGILQINSRWWCNDGRTPGSRNLCNIPCSALLSSDITASVNCAKKIVSDGNGMNAWVAWRNRCKGTDVQAWIRGCRL,Faster aggregation,2
MDIAIHHPWIRRPFFPFHSPSRLFDQFFGEHLLESDLFSTATSLSPFYLRPPSFLRAPSWIDTGLSEM,No effect,0
MDVFMKGLSKAKEGVVAAAEKTKQGVAEAAGKTKEGVLYVGSKTKEGVVHGVATVAEKTKEQVTNVGGAVVTGVTAVAQKTVEGAGSIAAATGFVKKDQLGKNEEGAPQEGILEDMPVDPDNEAYEMPSEEGYQDYEPEA,Faster aggregation,2
MDVFMKGLSKAKEGVVAAAEKTKQGVAEAAGKTKEGVLYVGSKTKEGVVHGVATVAEKTKEQVTNVGGAVVTGVTAVAQKTVEGAGSIAAATGFVKKDQLGKNEEGAPQEGILEDMPVDPDNEAYEMPSEEGYQDYEPEA,Faster aggregation,2
DAEFRHDSGYEVHHQKLVFFAEDVGSNKGAIIGLMVGGVVIA,Slower aggregation,1
MPPKKFKDLNSFLDDQPKDPNLVASPFGGYFKNPAADAGSNNASKKSSYQQQRNWKQGGNYQQGGYQSYNSNYNNYNNYNNYNNYNNYNNYNKYNGQGYQKSTYKQSAVTPNQSGTPTPSASTTSLTSLNEKLSNLELTPISQFLSKIPECQSITDCKNQIKLIIEEFGKEGNSTGEKIEEWKIVDVLSKFIKPKNPSLVRESAMLIISNIAQFFSGKPPQEAYLLPFFNVALDCISDKENTVKRAAQHAIDSLLNCFPMEALTCFVLPTILDYLSSGAKWQAKMAALSVVDRIREDSANDLLELTFKDAVPVLTDVATDFKPELAKQGYKTLLDYVSILDNLDLSPRYKLIVDTLQDPSKVPESVKSLSSVTFVAEVTEPSLSLLVPILNRSLNLSSSSQEQLRQTVIVVENLTRLVNNRNEIESFIPLLLPGIQKVVDTASLPEVRELAEKALNVLKEDDEADKENKFSGRLTLEEGRDFLLDHLKDIKADDSCFVKPYMNDETVIKYMSKILTVDSNVNDWKRLEDFLTAVFGGSDSQREFVKQDFIHNLRALFYQEKERADEDEGIEIVNTDFSLAYGSRMLLNKTNLRLLKGHRYGLCGRNGAGKSTLMRAIANGQLDGFPDKDTLRTCFVEHKLQGEEGDLDLVSFIALDEELQSTSREEIAAALESVGFDEERRAQTVGSLSGGWKMKLELARAMLQKADILLLDEPTNHLDVSNVKWLEEYLLEHTDITSLIVSHDSGFLDTVCTDIIHYENKKLAYYKGNLAAFVEQKPEAKSYYTLTDSNAQMRFPPPGILTGVKSNTRAVAKMTDVTFSYPGAQKPSLSHVSCSLSLSSRVACLGPNGAGKSTLIKLLTGELVPNEGKVEKHPNLRIGYIAQHALQHVNEHKEKTANQYLQWRYQFGDDREVLLKESRKISEDEKEMMTKEIDIDDGRGKRAIEAIVGRQKLKKSFQYEVKWKYWKPKYNSWVPKDVLVEHGFEKLVQKFDDHEASREGLGYRELIPSVITKHFEDVGLDSEIANHTPLGSLSGGQLVKVVIAGAMWNNPHLLVLDEPTNYLDRDSLGALAVAIRDWSGGVVMISHNNEFVGALCPEQWIVENGKMVQKGSAQVDQSKFEDGGNADAVGLKASNLAKPSVDDDDSPANIKVKQRKKRLTRNEKKLQAERRRLRYIEWLSSPKGTPKPVDTDDEED,Faster aggregation,2
DARPAADRGLTTRPGSGLTNIKTEEISEVKMDAEFRHDSGYEVHHQKLVFFAEDVGSNKGAIIGLMVGGVVIA,Faster aggregation,2
DAEFRHDSGYEVHHQKLVFFAEDVGSNKGAIIGLMVGG,Faster aggregation,2
GIVEQCCASVCSLYQLENYCN,Faster aggregation,2
EVHHQKLVFFAEDVGSNKGAIIGLMVGGVV,Faster aggregation,2
MDVFMKGLSKAKEGVVAAAEKTKQGVAEAAGKTKEGVLYVGSKTKEGVVHGVATVAEKTKEQVTNVGGAVVTGVTAVAQKTVEGAGSIAAATGFVKKDQLGKNEEGAPQEGILEDMPVDPDNEAYEMPSEEGYQDYEPEA,Faster aggregation,2
KVFGRCELAAAMKRHGLDNYRGYSLGNWVCAAKFESNFNTQATNRNTDGSTDYGILQINSRWWCNDGRTPGSRNLCNIPCSALLSSDITASVNCAKKIVSDGNGMNAWVAWRNRCKGTDVQAWIRGCRL,Faster aggregation,2
MDVFMKGLSKAKEGVVAAAEKTKQGVAEAPGKTKEGVLYVGSKTKEGVVHGVATVAEKTKEQVTNVGGAVVTGVTAVAQKTVEGAGSIAAATGFVKKDQLGKNEEGAPQEGILEDMPVDPDNEAYEMPSEEGYQDYEPEA,Faster aggregation,2
DAEFRHDSGYEVHHQKLVFFAEDVGSNKGAIIGLMVGGVV,Faster aggregation,2
KQFTKCELSQLLKDIDGYGGIALPELICTMFHTSGYDTQAIVENNESTEYGLFQISNKLWCKSSQVPQSRNICDISCDKFLDDDITDDIMCAKKILDIKGIDYWLAHKALCTEKLEQWLCEKL,Faster aggregation,2
DAEFRHDSGYEVHHQKLVFFAEDVGSNKGAIIGLMVGGVVIA,Faster aggregation,2
DAEFRHDSGYEVHHQKLVFFAEDVGSNKGAIIGLMVGGVVIA,Faster aggregation,2
MMKSFFLVVTILALTLPFLGAQEQNQEQPIRCEKDERFFSDKIAKYIPIQYVLSRYPSYGLNYYQQKPVALINNQFLPYPYYAKPAAVRSPAQILQWQVLSNTVPAKSCQAQPTTMARHPHPHLSFMAIPPKKNQDKTEIPTINTIASGEPTSTPTTEAVESTVATLEDSPEVIESPPEINTVQVTSTAV,Slower aggregation,1
KCNTATCATQRLANFLVRSSNNLGVPLPPTNVGSNTY,No effect,0
GIVEQCCTSICSLYQLENYCN FVNQHLCGSHLVEALYLVCGERGFFYTPKT,No effect,0
MDVFMKGLSKAKEGVVAAAEKTKQGVAEAAGKTKEGVLYVGSKTKEGVVHGVATVAEKTKEQVTNVGGAVVTGVTAVAQKTVEGAGSIAAATGFVKKDQLGKNEEGAPQEGILEDMPVDPDNEAYEMPSEEGYQDYEPEA,Faster aggregation,2
GIVEQCCASVCSLYQLENYCN FVNQHLCGSHLVEALYLVCGERGFFYTPKA,Faster aggregation,2
KVFGRCELAAAMKRHGLDNYRGYSLGNWVCAAKFESNFNTQATNRNTDGSTDYGILQINSRWWCNDGRTPGSRNLCNIPCSALLSSDITASVNCAKKIVSDGNGMNAWVAWRNRCKGTDVQAWIRGCRL,Faster aggregation,2
MASHRLLLLCLAGLVFVSEAGPTGTGESKCPLMVKVLDAVRGSPAINVAVHVFRKAADDTWEPFASGKTSESGELHGLTTEEEFVEGIYKVEIDTKSYWKALGISPFHEHAEVVFTANDSGPRRYTIAALLSPYSYSTTAVVTNPKE,No aggregation,0
KCNTATCATQRLANFLVLSSNNFGAILSSTNVGSNTY,Faster aggregation,2
MTGLAEAIANTVQAAQQHDSVKLGTSIVDIVANGVGLLGKLFGF,Faster aggregation,2
MAGPLRAPLLLLAILAVALAVSPAAGSSPGKPPRLVGGPMDASVEEEGVRRALDFAVGEYNKASNDMYHSRALQVVRARKQIVAGVNYFLDVELGRTTCTKTQPNLDNCPFHDQPHLKRKAFCSFQIYAVPWQGTMTLSKSTCQDA,No aggregation,0
MASHRLLLLCLAGLVFVSEAGPTGTGESKCPLMVKVLDAVRGSPAINVAVHVFRKAADDTWEPFASGKTSESGELHGLTTEEEFVEGIYKVEIDTKSYWKALGISPFHEHAEVVFTANDSGPRRYTIAALLSPYSYSTTAVVTNPKE,No effect,0
DAEFRHDSGYEVHHQKLVFFAEDVGSNKGAIIGLMVGGVVIA,Faster aggregation,2
MASHRLLLLCLAGLVFVSEAGPTGTGESKCPLMVKVLDAVRGSPAINVAVHVFRKAADDTWEPFASGKTSESGELHGLTTEEEFVEGIYKVEIDTKSYWKALGISPFHEHAEVVFTANDSGPRRYTIAALLSPYSYSTTAVVTNPKE,Slower aggregation,1
KLVFFAENVGS,Faster aggregation,2
DAEFRHDSGYEVHHQKLVFFAEDVGSNKGAIIGLMVGGVV,Slower aggregation,1
FVNQHLCGSHLVEALYLVCGERGFFYTPKA,Faster aggregation,2
KCNTATCATQRLANFLVHSSNNFGAILSSTNVGSNTY,Slower aggregation,1
VQIVYK,No effect,0
ATQRLANFLVHSSNNFGAILS,No effect,0
KKRPKPGGWNTGGSRYPGQGSPGGNRYPPQGGGTWGQPHGGGWGQPHGGGWGQPHGGGWGQPHGGGWGQGGGTHNQWNKPSKPKTNMKHMAGAAAAGAVVGGLGGYMLGSAMSRPMMHFGNDWEDRYYRENMNRYPNQVYYRPVDQYNNQNNFVHDCVNITIKQHTVTTTTKGENFTETDIKIMERVVEQMCTTQYQKESQAYYDGRRS,No aggregation,0
DAEFRHDSGYEVHHQKLVFFAEDVGSNKGAIIGLMVGGVVIA,No effect,0
MDVFMKGLSKAKEGVVAAAEKTKQGVAEAAGKTKEGVLYVGSKTKEGVVHGVATVAEKTKEQVTNVGGAVVTGVTAVAQKTVEGAGSIAAATGFVKKDQLGKNEEGAPQEGILEDMPVDP,Faster aggregation,2
DAEFRHDSGYEVHHQKLVFFAEDVGSNKGAIIGLMVGGVVIA,Faster aggregation,2
MDVFMKGLSKAKEGVVAAAEKTKQGVAEAAGKTKEGVLYVGSKSPNGVVHGVATVAEKTKEQVTNVGGAVVTGVTAVAQKTVEGAGSIAAATGFVKKDQLGKNEEGAPQEGILEDMPVDPDNEAYEMPSEEGYQDYEPEA,Slower aggregation,1
KCNTATCATQRLANFLVHSSNNFGAILSSTNVGSNTY,No effect,0
MDVFMKGLSKAKEGVVAAAEKTKQGVAEAAGKTKEGVLYVGSKTKEGVVHGVATVAEKTKEQVTNVGGAVVTGVTAVAQKTVEGAGSIAAATGFVKKDQLGKNEEGAPQEGILEDMPVDPDNEAYEMPSEEGYQDYEPEA,No effect,0
MDIAIHHPWIHRPFFPFHSPSRLFDQFFGEHLLESDLFPTSTSLSPFYLRPPSFLRAPSWFDTGLSEIRLEKDRFSVNLDVKHFSPEELKVKVLGDVIEVHGKHEERQDEHGFISREFHRKYRIPADVDVLTITSSLSSDGVLTVNGPRKQVSGPERTIPITREEKPAVTAAPKKHMFVNQHLCGSHLVEALYLVCGERGFFYTPKT,No effect,0
SEQUENCEUNAVAILABLE,Faster aggregation,2
QRLANFLVHSSNNFGAILSS,No effect,0
EQLTKCEVFRELKDLKGYGGVSLPEWVCTTFHTSGYDTQAIVQNNDSTEYGLFQINNKIWCKDDQNPHSSNICNISCDKFLDDDLTDDIMCVKKILDKVGINYWLAHKALCSEKLDQWLCEKL,Slower aggregation,1
ATQRLANFLVHVVVNFGAILS,No aggregation,0
MASHRLLLLCLAGLVFVSEAGPTGTGESKCPLMVKVLDAVRGSPAINVAVHVFRKAADDTWEPFASGKTSESGELHGLTTEEEFVEGIYKVEIDTKSYWKALGISPFHEHAEVVFTANDSGPRRYTIAALLSPYSYSTTAVVTNPKE,No effect,0
SSLIAGFNNSSHVLFNALRQ,No effect,0
VQIVAK,No effect,0
KCNTATCATQRLANFLVLSSNNFGAILSSTNVGSNTY,Faster aggregation,2
KKRPKPGGWNTGGSRYPGQGSPGGNRYPPQGGGGWGQPHGGGWGQPHGGGWGQPHGGGWGQPHGGGWGQGGGTHSQWNKPSKPKTNMKHMAGAAAAGAVVGGLGGYMLGSAMSRPMMHFGSD,No effect,0
MASHRLLLLCLAGLVFVSEAGPTGTGESKCPLMVKVLDAVRGSPAINVAVHVFRKAADDTWEPFASGKTSESGELHGLTTEEEFVEGIYKVEIDTKSYWKALGISPFHEHAEVVFTANDSGPRRYTIAALLSPYSYSTTAVVTNPKE,No aggregation,0
MTGLAEAIANTVQAAQQHDSVKLGTSIVDIVANGVGLLGKLFGF,No aggregation,0
MTCKMSQLERNIETIINTFHQYSVKLGHPDTLNQGEFKELVRKDLQNFLKKENKNEKVIEHIMEDLDTNADKQLSFEEFIMLMARLTWASHEKMHEGDEGPGHHHKPGLGEGTP,Faster aggregation,2
DAEFRHDSGYEVHHQKLVFFAEDVGSNKGAIIGLMVGGVVIA,Faster aggregation,2
SEQUENCEUNAVAILABLE,Slower aggregation,1
KCNTATCATQRLANFLVRSSNNLGPVLPPTNVGSNTY,Faster aggregation,2
MDIAIHHPWIRRPFFPFHSPSRLFDQFFGEHLLESDLFPTSTSLSPFYLRPPSFLRAPSWFDTGLSEMRLEKDRFSVNLDVKHFSPEELKVKVLGDVIEVHGKHEERQDEHGFISREFHRKYRIPADVDPLTITSSLSSDGVLTVNGPRKQVSGPERTIPITREEKPAVTAAPKK,Faster aggregation,2
MTGLAEAIANTVQAAQQHDSVKLGTSIVDIVANGVGLLGKLFGF,Faster aggregation,2
DAEFRHDSGYEVHHQKLVFFAEDVGSNKGAIIGLMVGGVVIA,Faster aggregation,2
GVVPQYGGGGNHGGGGNNSGPNSELNIYQYGGGNSALALQTDARNSDLTITQHGGGNGADVGQGSDDSSIDLTQRGFGNSATLDQWNGKNSEMTVKQFGGGNGAAVDQTASNSSVNVTQVGFGNNATAHQY,Faster aggregation,2
GIVEQCCASVCSLYQLENYCN FVNQHLCGSHLVEALYLVCGERGFFYTPKA,Faster aggregation,2
DAEFRHDSGYEVHHQKLVFFAEDVGSNKGAIIGLMVGGVVIA,No effect,0
KCNTATCATQRLANFLVHSSNNFGAILSSTNVGSNTY,Faster aggregation,2
MKLLKVAAIAAIVFSGSALAGVVPQYGGGGNHGGGGNNSGPNSELNIYQYGGGNSALALQTDARNSDLTITQHGGGNGADVGQGSDDSSIDLTQRGFGNSATLDQWNGKNSEMTVKQFGGGNGAAVDQTASNSSVNVTQVGFGNNATAHQY,Faster aggregation,2
RHDSGYEVHHQKLVFFAEDVGSNKGAIIGLMVGGVVIA,No effect,0
VQIVYA,No effect,0
FVNQHLCGSHLVEALYLVCGERGFFYTPKA,Slower aggregation,1
MDVFMKGLSKAKEGVVAAAEKTKQGVAEAAGKTKEGVLYVGSKTKEGVVHGVTTVAEKTKEQVTNVGGAVVTGVTAVAQKTVEGAGSIAAATGFVKKDQLGKNEEGAPQEGILEDMPVDPDNEAYEMPSEEGYQDYEPEA,Faster aggregation,2
GPTGTGESKCPLMVKVLDAVRGSPAINVAVHVFRKAADDTWEPFASGKTSESGELHGLTTEEEFVEGIYKVEIDTKSYWKALGISPFHEHAEVVFTANDSGPRRYTIAALLSPYSYSTMAVVTNPKE,No aggregation,0
GKTKEGVLYVGSKTKEGVVHGVATVAEKTKEQVTNVGGAVVTGVTAVAQKTVEGAGSIAAATGFVKKDQLGKNEEGAPQEGILEDMPVDPDNEAYEMPSEEGYQDYEPEA,Faster aggregation,2
GIVEQCCTSICSLYQLENYCN FVNQHLCGSHLVEALYLVCGERGFFYTPKT,Faster aggregation,2
MEFVAKLFKFFKDLLGKFLGNN,Faster aggregation,2
KKRPKPGGWNTGGSRYPGQGSPGGNRYPPQGGTWGQPHGGGWGQPHGGSWGQPHGGSWGQPHGGGWGQGGGTHNQWNKPSKPKTNLKHVAGAAAAGA,No effect,0
RPPQTAAREATSIPGFPAEGAIPLPVDFLSKVSTEIPASEPDGPSVGRAKGQDAPLEFTFHVEITPNVQKEQAHSEEHLGRAAFPGAPGEGPEARGPSLGEDTKEADLPEPSEKQPAAAPRGKPVSRVPQLKARMVS,Faster aggregation,2
DAEFRHDSGYEVHHQKLVFFAEDVGSNKGAIIGLMVGGVVIA,Faster aggregation,2
MAEPRQEFEVMEDHAGTYGLGDRKDQGGYTMHQDQEGDTDAGLKESPLQTPTEDGSEEPGSETSDAKSTPTAEDVTAPLVDEGAPGKQAAAQPHTEIPEGTTAEEAGIGDTPSLEDEAAGHVTQARMVSKSKDGTGSDDKKAKGADGKTKIATPRGAAPPGQKGQANATRIPAKTPPAPKTPPSSGEPPKSGDRSGYSSPGSPGTPGSRSRTPSLPTPPTREPKKVAVVRTPPKSPSSAKSRLQTAPVPMPDLKNVKSKIGSTENLKHQPGGGKVQIINKKLDLSNVQSKCGSKDNIKHVPGGGSVQIVYKPVDLSKVTSKCGSLGNIHHKPGGGQVEVKSEKLDFKDRVQSKIGSLDNITHVPGGGNKKIETHKLTFRENAKAKTDHGAEIVYKSPVVSGDTSPRHLSNVSSTGSIDMVDSPQLATLADEVSASLAKQGL,Faster aggregation,2
DAEFRHDSGYEVHHQKLVFFAEDVGSNKGAIIGLMVGGVVIA,Faster aggregation,2
FRHDSGYEVHHQKLVFFAEDVGSNKGAIIGLMVGGVV,Slower aggregation,1
MSEYIRVTEDENDEPIEIPSEDDGTVLLSTVTAQFPGACGLRYRNPVSQCMRGVRLVEGILHAPDAGWGNLVYVVNYPKDNKRKMDETDASSAVKVKRAVQKTSDLIVLGLPWKTTEQDLKEYFSTFGEVLMVQVKKDLKTGHSKGFGFVRFTEYETQVKVMSQRHMIDGRWCDCKLPNSKQSQDEPLRSRKVFVGRCTEDMTEDELREFFSQYGDVMDVFIPKPFRAFAFVTFADDQIAQSLCGEDLIIKGISVHISNAEPKHNSNRQLERSGRFGGNPGGFGNQGGFGNSRTSQAHRVITKTKATCRGSQTRPSVLEITLIVALILVQQLVGDQHPMQGRAVVLMEALAQAWILSLLAGECRQWGCGWLV,Slower aggregation,1
MASLRLFLLCLAGLVFVSEAGPAGAGESKCPLMVKVLDAVRGSPAVDVAVKVFKKTSEGSWEPFASGKTAESGELHGLTTDEKFVEGVYRVELDTKSYWKTLGISPFHEFADVVFTANDSGHRHYTIAALLSPYSYSTTAVVSNPQN,No aggregation,0
KCNTATCATQRLANFLVHSSNNFGAILSSTNVGSNTY,Faster aggregation,2
DAEFRHDSGYEVHHQKLVFFAEDVGSNKGAIIGLMVGGVVIA,Faster aggregation,2
IQKTPQIQVYSRHPPENGKPNILNCYVTQFHPPHIEIQMLKNGKKIPKVEMSDMSFSKDWSFYILAHTEFTPTETDTYACRVKHASMAEPKTVYWDRDM,No aggregation,0
MKWVTFISLLFLFSSAYSRGVFRRDAHKSEVAHRFKDLGEENFKALVLIAFAQYLQQCPFEDHVKLVNEVTEFAKTCVADESAENCDKSLHTLFGDKLCTVATLRETYGEMADCCAKQEPERNECFLQHKDDNPNLPRLVRPEVDVMCTAFHDNEETFLKKYLYEIARRHPYFYAPELLFFAKRYKAAFTECCQAADKAACLLPKLDELRDEGKASSAKQRLKCASLQKFGERAFKAWAVARLSQRFPKAEFAEVSKLVTDLTKVHTECCHGDLLECADDRADLAKYICENQDSISSKLKECCEKPLLEKSHCIAEVENDEMPADLPSLAADFVESKDVCKNYAEAKDVFLGMFLYEYARRHPDYSVVLLLRLAKTYETTLEKCCAAADPHECYAKVFDEFKPLVEEPQNLIKQNCELFEQLGEYKFQNALLVRYTKKVPQVSTPTLVEVSRNLGKVGSKCCKHPEAKRMPCAEDYLSVVLNQLCVLHEKTPVSDRVTKCCTESLVNRRPCFSALEVDETYVPKEFNAETFTFHADICTLSEKERQIKKQTALVELVKHKPKATKEQLKAVMDDFAAFVEKCCKADDKETCFAEEGKKLVAASQAALGL,Slower aggregation,1
MASHRLLLLCLAGLVFVSEAGPTGTGESKCPLMVKVLDAVRGSPAINVAVHVFRKAADDTWEPFASGKTSESGELHGLTTEEEFVEGIYKVEIDTKSYWKALGISPFHEHAEVVFTANDSGPRRYTIAALLSPYSYSTTAVVTNPKE,Slower aggregation,1
MKNKLLFMMLTILGAPGIAAAAGYDLANSEYNFAVNELSKSSFNQAAIIGQAGTNNSAQLRQGGSKLLAVVAQEGSSNRAKIDQTGDYNLAYIDQAGSANDASISQGAYGNTAMIIQKGSGNKANITQYGTQKTAIVVQRQSQMAIRVTQR,Faster aggregation,2
PTAEAPNTTAGQVPTTEVVGTTPGQAPTAEPSGTTSVQVPTTEVISTAPVQMPTAESTGMTPEKVPVSEVMGTTLAEMSTPEATGMTPAEVSIVVLSGTTAAQVTTTEWVETTARELPIPEPEGPDASSI,Faster aggregation,2
NLKHVAGAAAAGAVVGGLGGYMLGSAMSRPMIHFGND,Faster aggregation,2
SEQUENCEUNAVAILABLE,Faster aggregation,2
KCNTATCATQRLANFLVHSSNNFGAPLSSTNVGSNTY,Slower aggregation,1
MAEPRQEFEVMEDHAGTYGLGDRKDQGGYTMHQDQEGDTDAGLKESPLQTPTEDGSEEPGSETSDAKSTPTAEDVTAPLVDEGAPGKQAAAQPHTEIPEGTTAEEAGIGDTPSLEDEAAGHVTQARMVSKSKDGTGSDDKKAKGADGKTKIATPRGAAPPGQKGQANATRIPAKTPPAPKTPPSSGEPPKSGDRSGYSSPGSPGTPGSRSRTPSLPTPPTREPKKVAVVRTPPKSPSSAKSRLQTAPVPMPDLKNVKSKIGSTENLKHQPGGGKVQIINKKLDLSNVQSKCGSKDNIKHVPGGGSVQIVYKPVDLSKVTSKCGSLGNIHHKPGGGQVEVKSEKLDFKDRVQSKIGSLDNITHVPGGGNKKIETHKLTFRENAKAKTDHGAEIVYKSPVVSGDTSPRHLSNVSSTGSIDMVDSPQLATLADEVSASLAKQGL,Faster aggregation,2
QKTSDLIVLGLPWKTTEQDLKEYFSTFGEVLMVQVKKDLKTGHSKGFGFVRFTEYETQVKVMSQRHMIDGRWCDCKLPNSKQSQDEPLRSRKVFVGRCTEDMTEDELREFFSQYGDVMDVFIPKPFRAFAFVTFADDQIAQSLCGEDLIIKGISVHISNAEPKHN,Slower aggregation,1
MGIIAGIIKVIKSLIEQFTGK,Faster aggregation,2
MPPKKFKDLNSFLDDQPKDPNLVASPFGGYFKNPAADAGSNNASKKSSYQQQRNWKQGGNYQQGGYQSYNSNYNNYNNYNNYNNYNNYNNYNKYNGQGYQKSTYKQSAVTPNQSGTPTPSASTTSLTSLNEKLSNLELTPISQFLSKIPECQSITDCKNQIKLIIEEFGKEGNSTGEKIEEWKIVDVLSKFIKPKNPSLVRESAMLIISNIAQFFSGKPPQEAYLLPFFNVALDCISDKENTVKRAAQHAIDSLLNCFPMEALTCFVLPTILDYLSSGAKWQAKMAALSVVDRIREDSANDLLELTFKDAVPVLTDVATDFKPELAKQGYKTLLDYVSILDNLDLSPRYKLIVDTLQDPSKVPESVKSLSSVTFVAEVTEPSLSLLVPILNRSLNLSSSSQEQLRQTVIVVENLTRLVNNRNEIESFIPLLLPGIQKVVDTASLPEVRELAEKALNVLKEDDEADKENKFSGRLTLEEGRDFLLDHLKDIKADDSCFVKPYMNDETVIKYMSKILTVDSNVNDWKRLEDFLTAVFGGSDSQREFVKQDFIHNLRALFYQEKERADEDEGIEIVNTDFSLAYGSRMLLNKTNLRLLKGHRYGLCGRNGAGKSTLMRAIANGQLDGFPDKDTLRTCFVEHKLQGEEGDLDLVSFIALDEELQSTSREEIAAALESVGFDEERRAQTVGSLSGGWKMKLELARAMLQKADILLLDEPTNHLDVSNVKWLEEYLLEHTDITSLIVSHDSGFLDTVCTDIIHYENKKLAYYKGNLAAFVEQKPEAKSYYTLTDSNAQMRFPPPGILTGVKSNTRAVAKMTDVTFSYPGAQKPSLSHVSCSLSLSSRVACLGPNGAGKSTLIKLLTGELVPNEGKVEKHPNLRIGYIAQHALQHVNEHKEKTANQYLQWRYQFGDDREVLLKESRKISEDEKEMMTKEIDIDDGRGKRAIEAIVGRQKLKKSFQYEVKWKYWKPKYNSWVPKDVLVEHGFEKLVQKFDDHEASREGLGYRELIPSVITKHFEDVGLDSEIANHTPLGSLSGGQLVKVVIAGAMWNNPHLLVLDEPTNYLDRDSLGALAVAIRDWSGGVVMISHNNEFVGALCPEQWIVENGKMVQKGSAQVDQSKFEDGGNADAVGLKASNLAKPSVDDDDSPANIKVKQRKKRLTRNEKKLQAERRRLRYIEWLSSPKGTPKPVDTDDEED,Faster aggregation,2
MDVFMKGLSKAKEGVVAAAEKTKQGVAEAAGKTKEGVLYVGSKTKEGVVHGVATVAEKTKEQVTNVGGAVVTGVTAVAQKTVEGAGSIAAATGFVKKDQLGKNEEGAPQEGILEDMPVDPDNEAYEMPSEEGYQDYEPEA,No effect,0
MDVFMKGLSKAKEGVVAAAEKTKQGVAEAAGKTKEGVLYVGSKTKEGVVHGVATVAEKTKEQVTNVGGAVVTGVTAVAQKTVEGAGSIAAATGFVKKDQLGKNEEGAPQEGILEDMPVDPDNEAYEMPSEEGYQDYEPEA,No effect,0
DAEFRHDSGYEVHHQKLVFFAEDVGSNKGAIIGLMVGGVVIA,Faster aggregation,2
GPTGTGESKCPLMVAVLDAVRGSPAINVAVHVFRKAADDTWEPFASGKTSESGELHGLTTEEEFVEGIYKVEIDTKSYWKALGISPFHEHAEVVFTANDSGPRRYTIAALLSPYSYSTTAVVTNPKE,No aggregation,0
DAEFRHDSGYEVHHQKLVFFAEDVGSNKGAIIGLMVGGVVIA,Slower aggregation,1
MDVFMKGLSKAKEGVVAAAEKTKQGVAEAAGKTKEGVLYVGSKTYGNVVHGVATVAEKTKEQVTNVGGAVVTGVTAVAQKTVEGAGSIAAATGFVKKDQLGKNEEGAPQEGILEDMPVDPDNEAYEMPSEEGYQDYEPEA,Slower aggregation,1
GIVEQCCTSICSLYQLENYCN FVNQHLCGSHLVEALYLVCGERGFFYTPKT,Faster aggregation,2
KCNTATCATQRLANFLVHSSNNFGAILSSTNVGSNTY,No effect,0
DAEFRHDSGYEVHHQKLVFFAEDVGSNKGAIIGLMVGGVV,Faster aggregation,2
MDVFMKGLSKAKEGVVAAAEKTKQGVAEAAGKTKEGVLYVGSKTKEGVVHGVATVAEKTKEQVTNVGGAVVTGVTAVAQKTVEGAGSIAAATGFVKKDQMGKGEEGYPQEGILEDMPVDPGSEAYEMPSEEGYQDYEPEA,Faster aggregation,2
KCNTATCATQRLANFLVHSSNNFGAILSSTNVGSNTY,Faster aggregation,2
MDVFMKGLSKAKEGVVAAAEKTKQGVAEAAGKTKEGVLYVGSKTKEGVVHGVTTVAEKTKEQVTNVGGAVVTGVTAVAQKTVEGAGSIAAATGFVKKDQLGKNEEGAPQEGILEDMPVDPDNEAYEMPSEEGYQDYEPEA,Faster aggregation,2
KLVFFAE,Faster aggregation,2
MASHRLLLLCLAGLVFVSEAGPTGTGESKCPLMVKVLDAVRGSPAINVAVHVFRKAADDTWEPFASGKTSESGELHGLTTEEEFVEGIYKVEIDTKSYWKALGISPFHEHAEVVFTANDSGPRRYTIAALLSPYSYSTTAVVTNPKE,Slower aggregation,1
QPHGGGWGQGGGTHSQWNKPSKPKTNMKHMAGAAAAGAVVGGLGGYMLGSAMSRPIIHFGSDYEDRYYRENMHRYPNQVYYRPMDEYSNQNNFVHDCVNITIKQHTVTTTTKGENFTETDVKMMERVVEQMCITQYERESQAYYQRGS,No aggregation,0
KKRPKP,Slower aggregation,1
MDVFMKGLSKAKEGVVAAAEKTKQGVAEAAGKTKEGVLYVGSKSPDTVVHGVATVAEKTKEQVTNVGGAVVTGVTAVAQKTVEGAGSIAAATGFVKKDQLGKNEEGAPQEGILEDMPVDPDNEAYEMPSEEGYQDYEPEA,Slower aggregation,1
DAEFRHDSGYEVHHQKLVFFAEDVGSNKGAIIGLMVGGVV,Faster aggregation,2
MRSLLILVLCFLPLAALGKVFGRCELAAAMKRHGLDNYRGYSLGN,Faster aggregation,2
MKNKLLFMMLTILGAPGIAAAAGYDLANSEYNFAVNELSKSSFNQAAIIGQAGTNNSAQLRQGGSKLLAVVAQEGSSNRAKIDQTGDYNLAYIDQAGSANDASISQGAYGNTAMIIQKGSGNKANITQYGTQKTAIVVQRQSQMAIRVTQR,Faster aggregation,2
HLVEALYLVC,No aggregation,0
MGIIAGIIKVIKSLIEQFTGK,Faster aggregation,2
ATQRLANFLVHAAANFGAILS,No effect,0
MDVFMKGLSKAKEGVVAAAEKTKQGVAEAAGKTKEGVLYVGSKTKEGVVHGVATVAEKTKEQVTNVGGAVVTGVTAVAQKTVEGAGSIAAATGFVKKDQLGKNEEGAPQEGILEDMPVDPDNEAYEMPSEEGYQDYEPEA,Faster aggregation,2
TPIESHQVEKRKCNTATCATQRLANFLVHSSNNFGAILSSTNVGSNTYGLRNAVEVLKREPLNYLPL,No aggregation,0
KCNTATCATQRLPNFLVRSSNNLGPVLPPTNVGSNTY,Slower aggregation,1
MKNKLLFMMLTILGAPGIAAAAGYDLANSEYNFAVNELSKSSFNQAAIIGQAGTNNSAQLRQGGSKLLAVVAQEGSSNRAKIDQTGDYNLAYIDQAGSANDASISQGAYGNTAMIIQKGSGNKANITQYGTQKTAIVVQRQSQMAIRVTQR,No effect,0
FVNQHLCGSHLVEALYLVCGERGFFYTPKT,Slower aggregation,1
DAEFRHDSGYEVHHQKLVFFAEDVGSNKGAIIGLMVGGVV,Faster aggregation,2
KCNTATCATQRLANFLVHSSNNFGAPLSSTNVGSNTY,Slower aggregation,1
MASHRLLLLCLAGLVFVSEAGPTGTGESKCPLMVKVLDAVRGSPAINVAVHVFRKAADDTWEPFASGKTSESGELHGLTTEEEFVEGIYKVEIDTKSYWKALGISPFHEHAEVVFTANDSGPRRYTIAALLSPYSYSTTAVVTNPKE,Slower aggregation,1
SEQUENCEUNAVAILABLE,Slower aggregation,1
MDVFMKGLSKAKEGVVAAAEKTKQGVAEAAGKTKEGVLYVGSKTKEGVVHGVATVAEKTKEQVTNVGGAVVTGVTAVAQKTVEGAGSIAAATGFVKKDQLGKNEEGAPQEGILEDMPVDPDNEAYEMPSEEGYQD,No aggregation,0
MDVFMKGLSKAKEGVVAAAEKTKQGVAEAAGKTKEGVLYVGSKYNGQVVHGVATVAEKTKEQVTNVGGAVVTGVTAVAQKTVEGAGSIAAATGFVKKDQLGKNEEGAPQEGILEDMPVDPDNEAYEMPSEEGYQDYEPEA,Slower aggregation,1
GNNQQNY,Faster aggregation,2
DAEFRHDSGYEVHHQKLVFFAEDVGSNKGAIIGLMVGGVVIA,No aggregation,0
AGYDLANSEYNFAVNELSKSSFNQAAIIGQAGTNNSAQLRQGGSKLLAVVAQEGSSNRAKIDQTGDYNLAYIDQAGSANDASISQGAYGNTAMIIQKGSGNKANITQYGTQKTAIVVQRQSQMAIRVTQR,Slower aggregation,1
VQAVYK,Slower aggregation,1
GIVEQCCASVCSLYQLENYCN FVNQHLCGSHLVEALYLVCGERGFFYTPKA,Faster aggregation,2
DAEFRHDSGYEVHHQKLVFFAEDVGSNKGAIIGLMVGGVV,Faster aggregation,2
MKCLLLALALTCGAQALIVTQTMKGLDIQKVAGTWYSLAMAASDISLLDAQSAPLRVYVEELKPTPEGDLEILLQKWENGECAQKKIIAEKTKIPAVFKIDALNENKVLVLDTDYKKYLLFCMENSAEPEQSLACQCLVRTPEVDDEALEKFDKALKALPMHIRLSFNPTQLEEQCHI,Slower aggregation,1
MKNKLLFMMLTILGAPGIATATNYDLARSEYNFAVNELSKSSFNQAAIIGQVGTDNSARVRQEGSKLLSVISQEGGNNRAKVDQAGNYNFAYIEQTGNANDASISQSAYGNSAAIIQKGSGNKANITQYGTQKTAVVVQKQSHMAIRVTQR,Faster aggregation,2
MDIAIHHPWIRRPFFPFHSPSRLFDQFFGEHLLESDLFPTSTSLSPFYLRPPSFLRAPSWFDTGLSEMRLEKDRFSVNLDVKHFSPEELKVKVLGDVIEVHGKHEERQDEHGFISREFHRKYRIPADVDPLTITSSLSSDGVLTVNGPRKQVSGPERTIPITREEKPAVTAAPKK,Faster aggregation,2
SEQUENCEUNAVAILABLE,Faster aggregation,2
HVAGAAAAGAVVGGLGGYMLGSAMSRPMIHFGNDWEDRYYRENMYRYPNQVYYRPVDQYSNQNNFVHDCVNITIKQHTVTTTTKGENFTETDVKMMERVVEQMCVTQYQKESQAYYDGRRS,No effect,0
GIVEQCCTSICSLYQLENYCN,Faster aggregation,2
KKRPKPGGWNTGGSRYPGQGSPGGNRYPPQGGGGWGQPHGGGWGQPHGGGWGQPHGGGWGQPHGGGWGQGGGTHSQWNKPSKPKTNMKHMAGAAAAGAVVGGLGGYMLGSAMSRPIIHFGSD,No effect,0
SEQUENCEUNAVAILABLE,Faster aggregation,2
MDVFMKGLSKAKEGVVAAAEKTKQGVAEAAGKTKEGVLYVGSKTKEGVVHGVATVAEKTKEQVTNVGGAVVTGVTAVAQKTVEGAGSIAAATGFVKKDQLGKNEEGAPQEGILEDMPVDPDNEAYEMPSEEGYQDYEPEA,No effect,0
MSEYIRVTEDENDEPIEIPSEDDGTVLLSTVTAQFPGACGLRYRNPVSQCMRGVRLVEGILHAPDAGWGNLVYVVNYPKDNKRKMDETDASSAVKVKRAVQKTSDLIVLGLPWKTTEQDLKEYFSTFGEVLMVQVKKDLKTGHSKGFGFVRFTEYETQVKVMSQRHMIDGRWCDCKLPNSKQSQDEPLRSRKVFVGRCTEDMTEDELREFFSQYGDVMDVFIPKPFRAFAFVTFADDQIAQSLCGEDLIIKGISVHISNAEPKHN,No effect,0
KKLVFF,No effect,0
MDVFMKGLSKAKEGVVAAAEKTKQGVAEAAGKTKEGVLYVGSKTKEGVVHGVATVAEKTKEQVTNVGGAVVTGVTAVAQKTVEGAGSIAAATGFVKKDQLGKNEEGAPQEGILEDMPVDPDNEAYEMPSEEGYQDYEPEA,Slower aggregation,1
FVNQHLCGSHLVEALYLVCGERGFFYTPKT,Slower aggregation,1
SEQUENCEUNAVAILABLE,Faster aggregation,2
MDVFMKGLSKAKEGVVAAAEKTKQGVAEAAGKTKEGVLYVGSKTKEGVVHGVATVAEKTKEQVTNVGGAVVTGVTAVAQKTVEGAGSIAAATGFVKKDQLGKNEEGAPQEGILEDMPVDPDNEAYEMPSEEGYQDYEPEA,Slower aggregation,1
GIVEQCCTSICSLYQLENYCN,Faster aggregation,2
MEFVAKLFKFFKDLLGKFLGNN,No aggregation,0
DAEFRHDSGYEVHHQKLVFFAEDVGSNKGAIIGLMVGGVVIA,Slower aggregation,1
MEGLFNAIKDTVTAAINNDGAKLGTSIVSIVENGVGLLGKLFGF,Faster aggregation,2
KCNTATCATQRLANFLVLSSNNFGAILSSTNVGSNTY,Faster aggregation,2
KCNTATCATQRLANFLVLSSNNFGAILSSTNVGSNTY,No effect,0
QTAPVPMPDLKNVKSKIGSTENLKHQPGGGKVQIINKKLDLSNVQSKCGSKDNIKHVPGGGSVQIVYKPVDLSKVTSKCGSLGNIHHKPGGGQVEVKSEKLDFKDRVQSKIGSLDNITHVPGGGNKKIE,Faster aggregation,2
KTNMKHMAGAAAAGAVVGGLG,No aggregation,0
GNNQQNY,No effect,0
DAEFRHDSGYEVHHQKLVFFAEDVGSNKGAIIGLMVGGVVIA,Faster aggregation,2
QRLANFLVHSSNNFGAILSS,No effect,0
VQIVYK,Faster aggregation,2
MDVFMKGLSKAKEGVVAAAEKTKQGVAEAAGKTKEGVLYVGSKTKEGVVHGVATVAEKTKEQVTNVGGAVVTGVTAVAQKTVEGAGSIAAATGFVKKDQLGKNEEGAPQEGILEDMPVDPDNEAYEMPSEEGYQDYEPEA,Faster aggregation,2
MDVFMKGLSKAKEGVVAAAEKTKQGVAEAAGKTKEGVLYVGSKTKEGVVHGVATVAEKTKEQVTNVGGAVVTGVTAVAQKTVEGAGSIAAATGFVKKDQLGKNEEGAPQEGILEDMPVDPDNEAYEMPSEEGYQDYEPEA,Slower aggregation,1
DAEFRHDSGYEVHHQKLVFFAEDVGSNKGAIIGLMVGGVV,Faster aggregation,2
MKLLKVAAIAAIVFSGSALAGVVPQYGGGGNHGGGGNNSGPNSELNIYQYGGGNSALALQTDARNSDLTITQHGGGNGADVGQGSDDSSIDLTQRGFGNSATLDQWNGKNSEMTVKQFGGGNGAAVDQTASNSSVNVTQVGFGNNATAHQY,No effect,0
MGIIAGIIKVIKSLIEQFTGK,Faster aggregation,2
KVFERCELARTLKRLGMDGYRGISLANWMCLAKWESGYNTRATNYNAGDRSTDYGIFQINSRYWCNDGKTPGAVNACHLSCSALLQDNIADAVACAKRVVRDPQGIRAWVAWRNRCQNRDVRQYVQGCGV,No aggregation,0
DTHKSEIAHRFKDLGEEHFKGLVLIAFSQYLQQCPFDEHVKLVNELTEFAKTCVADESHAGCEKSLHTLFGDELCKVASLRETYGDMADCCEKQEPERNECFLSHKDDSPDLPKLKPDPNTLCDEFKADEKKFWGKYLYEIARRHPYFYAPELLYYANKYNGVFQECCQAEDKGACLLPKIETMREKVLASSARQRLRCASIQKFGERALKAWSVARLSQKFPKAEFVEVTKLVTDLTKVHKECCHGDLLECADDRADLAKYICDNQDTISSKLKECCDKPLLEKSHCIAEVEKDAIPENLPPLTADFAEDKDVCKNYQEAKDAFLGSFLYEYSRRHPEYAVSVLLRLAKEYEATLEECCAKDDPHACYSTVFDKLKHLVDEPQNLIKQNCDQFEKLGEYGFQNALIVRYTRKVPQVSTPTLVEVSRSLGKVGTRCCTKPESERMPCTEDYLSLILNRLCVLHEKTPVSEKVTKCCTESLVNRRPCFSALTPDETYVPKAFDEKLFTFHADICTLPDTEKQIKKQTALVELLKHKPKATEEQLKTVMENFVAFVDKCCAADDKEACFAVEGPKLVVSTQTALA,Faster aggregation,2
VGSNKGAIIGL,Faster aggregation,2
HMSQKHTEMVLEMSIGAPEAQQRLALSEHLVTTATFSIGSTGLVVYDYQQLLIAYKPAPGTCCYIMKIAPESIPSLEALNRKVHNFQMECSLQAKPAVPTSKLGQAEGRDAGSAPSGGDPAFLGMAVNTLCGEVPLYYI,No aggregation,0
DAEFRHDSGYEVHHQKLVFFAEDVGSNKGAIIGLMVGGVVIA,Faster aggregation,2
MDVFMKGLSKAKEGVVAAAEKTKQGVAEAAGKTKEGVLYVGSKTKEGVVHGVATVAEKTKEQVTNVGGAVVTGVTAVAQKTVEGAGSIAAATGFVKKDQLGKNEEGAPQEGILEDMPVDPDNEAYEMPSEEGYQDYEPEA,Faster aggregation,2
DAEFRHDSGYEVHHQKLVFFAEDVGSNKGAIIGLMVGGVVIA,Faster aggregation,2
MKNKLLFMMLTILGAPGIAAAAGYDLANSEYNFAVNELSKSSFNQAAIIGQAGTNNSAQLRQGGSKLLAVVAQEGSSNRAKIDQTGDYNLAYIDQAGSANDASISQGAYGNTAMIIQKGSGNKANITQYGTQKTAIVVQRQSQMAIRVTQR,Faster aggregation,2
EVHHQKLVFFAEDVGSNKGAIIGLMVGGVV,Faster aggregation,2
MKWVTFISLLFLFSSAYSRGVFRRDAHKSEVAHRFKDLGEENFKALVLIAFAQYLQQCPFEDHVKLVNEVTEFAKTCVADESAENCDKSLHTLFGDKLCTVATLRETYGEMADCCAKQEPERNECFLQHKDDNPNLPRLVRPEVDVMCTAFHDNEETFLKKYLYEIARRHPYFYAPELLFFAKRYKAAFTECCQAADKAACLLPKLDELRDEGKASSAKQRLKCASLQKFGERAFKAWAVARLSQRFPKAEFAEVSKLVTDLTKVHTECCHGDLLECADDRADLAKYICENQDSISSKLKECCEKPLLEKSHCIAEVENDEMPADLPSLAADFVESKDVCKNYAEAKDVFLGMFLYEYARRHPDYSVVLLLRLAKTYETTLEKCCAAADPHECYAKVFDEFKPLVEEPQNLIKQNCELFEQLGEYKFQNALLVRYTKKVPQVSTPTLVEVSRNLGKVGSKCCKHPEAKRMPCAEDYLSVVLNQLCVLHEKTPVSDRVTKCCTESLVNRRPCFSALEVDETYVPKEFNAETFTFHADICTLSEKERQIKKQTALVELVKHKPKATKEQLKAVMDDFAAFVEKCCKADDKETCFAEEGKKLVAASQAALGL,No effect,0
EFRHDSGYEVHHQKLVFFAEDVGSNKGAIIGLMVGGVVIA,Slower aggregation,1
ATQRLANFLVHIIINFGAILS,No aggregation,0
MDVFMKGLSKAKEGVVAAAEKTKQGVAEAAGKTKEGVLYVGSKTGNGVVHGVATVAEKTKEQVTNVGGAVVTGVTAVAQKTVEGAGSIAAATGFVKKDQLGKNEEGAPQEGILEDMPVDPDNEAYEMPSEEGYQDYEPEA,Slower aggregation,1
DAEFRHDSGYEVHHQKLVFFAEDVGSNKGAIIGLMVGGVV,No effect,0
MASHRLLLLCLAGLVFVSEAGPTGTGESKCPLMVKVLDAVRGSPAINVAVHVFRKAADDTWEPFASGKTSESGELHGLTTEEEFVEGIYKVEIDTKSYWKALGISPFHEHAEVVFTANDSGPRRYTIAALLSPYSYSTTAVVTNPKE,Slower aggregation,1
KCNTATCATQRLANFLVHSSNNFGAILSSTNVGSNTY,Faster aggregation,2
KCNTATCATQRLANFLVHSSNNFGAPLSSTNVGSNTY,No effect,0
MDVFMKGLSKAKEGVVAAAEKTKQGVAEAAGKTKEGVLYVGSKTKEGVVHGVATVAEKTKEQVTNVGGAVVTGVTAVAQKTVEGAGSIAAATGFVKKDQLGKNEEGAPQEGILEDMPVDPDNEAYEMPSEEGYQDYEPEA,No effect,0
GPTGTGESKCPLMVKVLDAVRGSPAINVAVHVFRKAADDTWEPFASGKTSESGELHGLTTEEEFVEGIYKVEIDTKSYWKALGISPMHEHAEVVFTANDSGPRRYTIAAMLSPYSYSTTAVVTNPKE,Slower aggregation,1
MEGLFNAIKDTVTAAINNDGAKLGTSIVSIVENGVGLLGKLFGF,No aggregation,0
MASHRLLLLCLAGLVFVSEAGPTGTGESKCPLMVKVLDAVRGSPAINVAVHVFRKAADDTWEPFASGKTSESGELHGLTTEEEFVEGIYKVEIDTKSYWKALGISPFHEHAEVVFTANDSGPRRYTIAALLSPYSYSTTAVVTNPKE,Slower aggregation,1
KKRPKPGGWNTGGSRYPGQGSPGGNRYPPQGGTWGQPHGGGWGQPHGGSWGQPHGGSWGQPHGGGWGQGGGTHNQWNKPSKPKTNLKHVAGAAAAGAVVGGLGGYMLGSAMSRPMIHFGNDW,Faster aggregation,2
MKALIVLGLVLLSVTVQGKVFERCELARTLKRLGMDGYRGISLANWMCLAKWESGYNTRATNYNAGDRSTDYGIFQINSRYWCNDGKTPGAVNACHLSCSALLQDNIADAVACAKRVVRDPQGIRAWVAWRNRCQNRDVRQYVQGCGV,No effect,0
DAEFRHDSGYEVHHQKLVFFAEDVGSNKGAIIGLMVGGVVIA,Faster aggregation,2
MTGLAEAIANTVQAAQQHDSVKLGTSIVDIVANGVGLLGKLFGF,Faster aggregation,2
MEFVAKLFKFFKDLLGKFLGNN,Faster aggregation,2
ATQRLANFLVHAAANFGAILS,No effect,0
GIVEQCCTSICSLYQLENYCN FVNQHLCGSHLVEALYLVCGERGFFYTPKTKR,Faster aggregation,2
ATQRLANFLVHSSNNFGAILS,No effect,0
MDVFMKGLSKAKEGVVAAAEKTKQGVAEAAGKTKEGVLYVGSKTKEGVVHGVATVAEKTKEQVTNVGGAVVTGVTAVAQKTVEGAGSIAAATGFVKKDQLGKNEEGAPQEGILEDMPVDPDNEAYEMPSE,Faster aggregation,2
MDVFMKGLSKAKEGVVAAAEKTKQGVAEAAGKTKEGVLYVCSKTKEGCVHGVATVAEKTKEQVTNVGGAVVTGVTAVAQKTVEGAGSIAAATGFVKKDQLGKNEEGAPQEGILEDMPVDPDNEAYEMPSEEGYQDYEPEA,Slower aggregation,1
GPTGTGESKCPLMVKVLDAVRGSPAINVAVHVFRKAADDTWEPFASGKTSESGELHGLTTEEEFVEGIYKVEIDTKSYWKALGISPMHEHAEVVFTANDSGPRRYTIAAMLSPYSYSTTAVVTNPKE,No aggregation,0
DAEFRHDSGYEVHHQKLVFFAEDVGSNKGAIIGLMVGGVV,Faster aggregation,2
DAEFRHDSGYEVHHQKLVFFAEDVGSNKGAIIGLMVGGVV,Faster aggregation,2
MSEYIRVTEDENDEPIEIPSEDDGTVLLSTVTAQFPGACGLRYRNPVSQCMRGVRLVEGILHAPDAGWGNLVYVVNYPKDNKRKMDETDASSAVKVKRAV,No effect,0
KCNTATCATQRLANFLVHSSNNFGAILSSTNVGSNTY,No effect,0
MEGLFNAIKDTVTAAINNDGAKLGTSIVSIVENGVGLLGKLFGF,Faster aggregation,2
MDIAIHHPWIRRPFFPFHSPSRLFDQFFGEHLLESDLFPTSTSLSPFYLRPPSFLRAPSWFDTGLSEMRLEKDRFSVNLDVKHFSPEELKVKVLGDVIEVHGKHEERQDEHGFISREFHRKYRIPADVDPLTITSSLSSDGVLTVNGPRKQVSGPERTIPITREEKPAVTAAPKK,Faster aggregation,2
MSDSNQGNNQQNYQQYSQNGNQQQGNNRYQGYQAYNAQAQPAGGYYQNYQGYSGYQQGGYQQYNPDAGYQQQYNPQGGYQQYNPQGGYQQQFNPQGGRGNYKNFNYNNNLQGYQAGFQPQSQGMSLNDFQKQQKQAAPKPKKTLKLVSSSGIKLANATKKVGTKPAESDKKEEEKSAETKEPTKEPTKVEEPVKKEEKPVQTEEKTEEKSELPKVEDLKISESTHNTNNANVTSADALIKEQEEEVDDEVVND,Faster aggregation,2
KCNTATCATQRLANFLVRSSNNLGVPLPPTNVGSNTY,No effect,0
KVYGRCELAAAMKRLGLDNYRGYSLGNWVCAAKFESNFNTHATNRNTDGSTDYGILQINSRWWCNDGRTPGSKNLCNIPCSALLSSDITASVNCAKKIASGGNGMNAWVAWRNRCKGTDVHAWIRGCRL,Faster aggregation,2
MDVFMKGLSKAKEGVVAAAEKTKQGVAEAAGKTKEGVLYVGSKTKEGVVHGVATVAEKTKEQVTNVGGAVVTGVTAVAQKTVEGAGSIAAATGFVKKDQLGKNEEGAPQEGILEDMPVDPDNEAYEMPSEEGYQDYEPEA,Faster aggregation,2
DAEFRHDSGYEVHHQKLVFFAEDVGSNKGAIIGLMVGGVVIA,Faster aggregation,2
MDVFMKGLSKAKEGVVAAAEKTKQGVAEAAGKTKEGVLYVGSKTKEGVVHGVATVAEKTKEQVTNVGGAVVTGVTAVAQKTVEGAGSIAAATGFVKKDQLGKNEEGAPQEGILEDMPVDPDNEAYEMPSEEGYQDYEPEA,Faster aggregation,2
DAEFRHDSGYEVHHQKLVFFAEDVGSNKGAIIGLMVGGVVIA,Faster aggregation,2
VGSNKGAIIGL,Faster aggregation,2
VQAVYK,No effect,0
MDTDKLISEAESHFSQGNHAEAVAKLTSAAQSNPNDEQMSTIESLIQKIAGYVMDNRSGGSDASQDRAAGGGSSFMNTLMADSKGSSQTQLGKLALLATVMTHSSNKGSSNRGFDVGTVMSMLSGSGGGSQSMGASGLAALASQFFKSGNNSQGQGQGQGQGQGQGQGQGQGSFTALASLASSFMNSNNNNQQGQNQSSGGSSFGALASMASSFMHSNNNQNSNNSQQGYNQSYQNGNQNSQGYNNQQYQGGNGGYQQQQGQSGGAFSSLASMAQSYLGGGQTQSNQQQYNQQGQNNQQQYQQQGQNYQHQQQGQQQQQGHSSSFSALASMASSYLGNNSNSNSSYGGQQQANEYGRPQQNGQQQSNEYGRPQYGGNQNSNGQHESFNFSGNFSQQNNNGNQNRY,Faster aggregation,2
KVFERCELARTLKRLGMDGYRGISLANWMCLAKWESGYNTRATNYNAGDRSTDYGIFQINSRYWCNDGKTPGAVNACHLSCSALLQDNIADAVACAKRVVRDPQGIRAWVAWRNRCQNRDVRQYVQGCGV,Slower aggregation,1
KKRPKPGGWNTGGSRYPGQGSPGGNRYPPQGGGGWGQPHGGGWGQPHGGGWGQPHGGGWGQPHGGGWGQGGGTHSQWNKPSKPKTNMKHMAGAAAAGAVVGGLGGYMLGSAMSRPIIHFGSD,Faster aggregation,2
DAEFRHDSGYEVHHQKLVFFAEDVGSNKGAIIGLMVGGVV,Faster aggregation,2
KKRPKPGGWNTGGSRYPGQGSPGGNRYPPQGGGGWGQPHGGGWGQPHGGGWGQPHGGGWGQPHGGGWGQGGGTHSQWNKPSKPKTNMKHMAGAAAAGAVVGGLGGYMLGSAMSRPIIHFGSDYEDRYYRENMHRYPNQVYYRPMDEYSNQNNFVHDCVNITIKQHTVTTTTKGENFTETDVKMMERVVEQMCITQYERESQAYYQRGS,No aggregation,0
KCNTATCATQRLANFLVHSSNNFGAILSSTNVGSNTY,Faster aggregation,2
GVVPQYGGGGNHGGGGNNSGPNSELNIYQYGGGNSALALQTDARNSDLTITQHGGGNGADVGQGSDDSSIDLTQRGFGNSATLDQWNGKNSEMTVKQFGGGNGAAVDQTASNSSVNVTQVGFGNNATAHQY,Faster aggregation,2
EFRHDSGYEVHHQKLVFFAEDVGSNKGAIIGLMVGGVVIA,Faster aggregation,2
DAEFRHDSGYEVHHQKLVPFAEDVGSNKGAIIGLMVGGVVIA,No effect,0
MDVFMKGLSKAKEGVVAAAEKTKQGVAEAAGKTKEGVLYVGSKTKEGVVHGVATVAEKTKEQVTNVGGAVVTGVTAVAQKTVEGAGSIAAATGFVKKDQLGKNEEGAPQEGILEDMPVDPDNEAYEMPSEEGYQDYEPEA,Slower aggregation,1
GPAEKWKPTPAPTGTVAAAVTDTQVSKDNKFDDTKTLNNAGANGSLSNSKGNLGANIAAGSGNQQDNAAAITSSAGDAATVFAVADIYQESKDNKFTNKGTQNNALLNNSANNSSGNVGVNVAAGQGNQQKNNLAIVTADGKNVAAASNTEQVSLDNHFLNEASSKHSYKPQYVVNNAGLLNSANNASGNIGVNVAAGAGNQQSNTLTLGSGCTVCAAGTGSKLAFLEHHHHHH,No effect,0
GIVEQCCASVCSLYQLENYCN FVNQHLCGSHLVEALYLVCGERGFFYTPKA,Faster aggregation,2
MDVFMKGLSKAKEGVVAAAEKTKQGVAEAAGKTKEGVLYVGSKTKEGVVHGVTTVAEKTKEQVTNVGGAVVTGVTAVAQKTVEGAGSIAAATGFVKKDQLGKNEEGAPQE,Faster aggregation,2
MDVTIQHPWFKRTLGPFYPSRLFDQFFGEGLFEYDLLPFLSSTISPYYRQSLFRTVLDSGISEVRSDRDKFVIFLDVKHFSPEDLTVKVQDDFVEIHGKHNERQDDHGYISREFHRRYRLPSNVDQSALSCSLSADGMLTFCGPKIQTGLDATHAERAIPVSREEKPTSAPSS,Slower aggregation,1
MKLLKVAAIAAIVFSGSALAGVVPQYGGGGNHGGGGNNSGPNSELNIYQYGGGNSALALQTDARNSDLTITQHGGGNGADVGQGSDDSSIDLTQRGFGNSATLDQWNGKNSEMTVKQFGGGNGAAVDQTASNSSVNVTQVGFGNNATAHQY,Faster aggregation,2
SDRDKFVIFLDVKHF,Faster aggregation,2
MDVFMKGLSKAKEGVVAAAEKTKQGVAEAAGKTKEGVLYVGSKTKEGVVHGVATVAEKTKEQVTNVGGAVVTGVTAVAQKTVEGAGSIAAA,Faster aggregation,2
GNNQQNY,No effect,0
MDVTIQHPWFKRTLGPFYPSRLFDQFFGEGLFEYDLLPFLSSTISPYYRQSLFRTVLDSGISEVRSDRDKFVIFLDVKHFSPEDLTVKVQDDFVEIHGKHNERQDDHGYISREFHRRYRLPSNVDQSALSCSLSADGMLTFCGPKIQTGLDATHAERAIPVSREEKPTSAPSS,Faster aggregation,2
KCNTATCATQRLANFLVHSSNNFGAILSSTNVGSNTY,Faster aggregation,2
KCNTATCATQRLANFLVHSSNNFGAILSSTNVGSNTY,Slower aggregation,1
DAEFRHDSGYEVHHQKLVFFAEDVGSNKGAIIGLMVGGVV,Faster aggregation,2
VQIAYK,Slower aggregation,1
VVIA,No effect,0
KTNMKHMAGAAAAGAVVGGLG,No effect,0
DARPAADRGLTTRPGSGLTNIKTEEISEVKMDAEFRHDSGYEVHHQKLVFFAEDVGSNKGAIIGLMVGGVVIA,Faster aggregation,2
MDVFMKGLSKAKEGVVAAAEKTKQGVAEAAGKTKEGVLYVGSKTKEGVVHGVATVAEKTKEQVTNVGGAVVTGVTAVAQKTVEGAGSIAAATGFVKKDQLGKNEEGAPQEGILEDMPVDPDNEAYEMPSEEGYQDYEPEA,No effect,0
KCNTATCATQRLANFLVHSSNNFGAILSSTNVGSNTY,No effect,0
KLVFFAE,Faster aggregation,2
RPPQTAAREATSIPGFPAEGAIPLPVDFLSKVSTEIPASEPDGPSVGRAKGQDAPLEFTFHVEITPNVQKEQAHSEEHLGRAAFPGAPGEGPEARGPSLGEDTKEADLPEPSEKQPAAAPRGKPVSRVPQLKARMVS,Slower aggregation,1
GIVEQCCASVCSLYQLENYCN FVNQHLCGSHLVEALYLVCGERGFFYTPKA,Faster aggregation,2
SGLTNIKTEEISEVKMDAEFRHDSGYEVHHQKLVFFAEDVGSNKGAIIGLMVGGVVIA,Faster aggregation,2
GVVPQYGGGGNHGGGGNNSGPNSELNIYQYGGGNSALALQTDARNSDLTITQHGGGNGADVGQGSDDSSIDLTQRGFGNSATLDQWNGKNSEMTVKQFGGGNGAAVDQTASNSSVNVTQVGFGNNATAHQY,Faster aggregation,2
MDVFMKGLSKAKEGVVAAAEKTKQGVAEAAGKTKEGVLYVGSKTKEGVVHGVTTVAEKTKEQVTNVGGAVVTGVTAVAQKTVEGAGSIAAATGFVKKDQLGKNEEGAPQEGILEDMPVDP,Faster aggregation,2
MASHRLLLLCLAGLVFVSEAGPTGTGESKCPLMVKVLDAVRGSPAINVAVHVFRKAADDTWEPFASGKTSESGELHGLTTEEEFVEGIYKVEIDTKSYWKALGISPFHEHAEVVFTANDSGPRRYTIAALLSPYSYSTTAVVTNPKE,Slower aggregation,1
ATQRLANFLVHLLLNFGAILS,No aggregation,0
KCNTATCATQRLANFLVHSSNNFGAILSSTNVGSNTY,Faster aggregation,2
KKRPKPGGWNTGGSRYPGQGSPGGNRYPPQGGGGWGQPHGGGWGQPHGGGWGQPHGGGWGQPHGGGWGQGGGTHSQWNKPSKPKTNMKHMAGAAAAGAVVGGLGGYMLGSAMSRPMMHFGSD,Faster aggregation,2
MAEPRQEFEVMEDHAGTYGLGDRKDQGGYTMHQDQEGDTDAGLKESPLQTPTEDGSEEPGSETSDAKSTPTAEAEEAGIGDTPSLEDEAAGHVTQARMVSKSKDGTGSDDKKAKGADGKTKIATPRGAAPPGQKGQANATRIPAKTPPAPKTPPSSGEPPKSGDRSGYSSPGSPGTPGSRSRTPSLPTPPTREPKKVAVVRTPPKSPSSAKSRLQTAPVPMPDLKNVKSKIGSTENLKHQPGGGKVQIINKKLDLSNVQSKCGSKDNIKHVPGGGSVQIVYKPVDLSKVTSKCGSLGNIHHKPGGGQVEVKSEKLDFKDRVQSKIGSLDNITHVPGGGNKKIETHKLTFRENAKAKTDHGAEIVYKSPVVSGDTSPRHLSNVSSTGSIDMVDSPQLATLADEVSASLAKQGL,Slower aggregation,1
CMLCNTATCATQRLANFLVHSSNNFGAILSSTNVGSNTY,Faster aggregation,2
MASHRLLLLCLAGLVFVSEAGPTGTGESKCPLMVKVLDAVRGSPAINVAVHVFRKAADDTWEPFASGKTSESGELHGLTTEEEFVEGIYKVEIDTKSYWKALGISPFHEHAEVVFTANDSGPRRYTIAALLSPYSYSTTAVVTNPKE,Slower aggregation,1
MASHRLLLLCLAGLVFVSEAGPTGTGESKCPLMVKVLDAVRGSPAINVAVHVFRKAADDTWEPFASGKTSESGELHGLTTEEEFVEGIYKVEIDTKSYWKALGISPFHEHAEVVFTANDSGPRRYTIAALLSPYSYSTTAVVTNPKE,Slower aggregation,1
KVFGRCELAAAMKRHGLDNYRGYSLGNWVCAAKFESNFNTQATNRNTDGSTDYGILQINSRWWCNDGRTPGSRNLCNIPCSALLSSDITASVNCAKKIVSDGNGMNAWVAWRNRCKGTDVQAWIRGCRL,No effect,0
SEQUENCEUNAVAILABLE,No effect,0
GNNQQNY,Faster aggregation,2
DAEFRHDSGYEVHHQKLVFFAEDVGSNKGAIIGLMVGGVV,No aggregation,0
MDIAIHHPWIRRPFFPFHSPSRLFDQFFGEHLLESDLFPTSTSLSPFYLRPPSFLRAPSWFDTGLSEMRLEKDRFSVNLDVKHFSPEELKVKVLGDVIEVHGKHEERQDEHGFISREFHRKYRIPADVDPLTITSSLSSDGVLTVNGPRKQVSGPERTIPITREEKPAVTAAPKK,Faster aggregation,2
MRSLLILVLCFLPLAALGKVFGRCELAAAMKRHGLDNYRGYSLGNWVCAAKFESNFNTQATNRNTDGSTDYGILQINSRWWCNDGRTPGSRNLCNIPCSALLSSDITASVNCAKKIVSDGNGMNAWVAWRNRCKGTDVQAWIRGCRL,Faster aggregation,2
KTNLKHVAGAAAAGAVVGGLG,Slower aggregation,1
MDVFMKGLSKAKEGVVAAAEKTKQGVAEAAGKTKEGVLYVGSKTKEGVVHGVATVAEKTKEQVTNVGGAVVTGVTAVAQKTVEGAGSIAAATGFVKKDQLGKNEEGAPQEGILEDMPVDPDNEAYEMPSEEGYQDYEPEA,Faster aggregation,2
MDVFMKGLSKAKEGVVAAAEKTKQGVAEAAGKTKEGVLYVGSKTKEGVVHGVATVAEKTKEQVTNVGGAVVTGVTAVAQKTVEGAGSIAAATGFVKKDQLGKNEEGAPQEGILEDMPVDPDNEAYEMPSEEGYQDYEPEA,Slower aggregation,1
GLGGYMLGSAMSRPIIHFGSDYEDRYYRENMHRYPNQVYYRPMDEYSNQNNFVHDCVNITIKQHTVTTTTKGENFTETDVKMMERVVEQMCITQYERESQAYYQRGS,No effect,0
GIVEQCCASVCSLYQLENYCN,Slower aggregation,1
DAEFRHDSGYEVHHQKLVFFAEDVGSNKGAIIGLMVGGVV,Faster aggregation,2
GIVEQCCTSICSLYQLENYCN FVNQHLCGSHLVEALYLVCGERGFFYTPKT,No aggregation,0
KCNTATCATQRLANFLVHSSNNFGAPLSSTNVGSNTY,No effect,0
MSEYIRVTEDENDEPIEIPSEDDGTVLLSTVTAQFPGACGLRYRNPVSQCMRGVRLVEGILHAPDAGWGNLVYVVNYPKDNKRKMDETDASSAVKVKRAVQKTSDLIVLGLPWKTTEQDLKEYFSTFGEVLMVQVKKDLKTGHSKGFGFVRFTEYETQVKVMSQRHMIDGRWCDCKLPNSKQSQDEPLRSRKVFVGRCTEDMTEDELREFFSQYGDVMDVFIPKPFRAFAFVTFADDQIAQSLCGEDLIIKGISVHISNAEPKHNSNRQLERSGRFGGNPGGFGNQGGFGNSRTSQAHRVITKTKATCRGSQTRPSVLEITLIVALILVQQLVGDQHPMQGRAVVLMEALAQAWILSLLAGECRQWGCGWLV,Slower aggregation,1
GPAEKWKPTPAPTGTVAAAVTDTQVSKDNKFDDTKTLTSSAGDAATVFAVADIYQESKDNKFTNKGTQVTADGKNVAAASNTEQVSLDNHFLNEASSKHSYKPQYVVLGSGCTVCAAGTGSKLAFLEHHHHHH,No effect,0
MSEYIRVTEDENDEPIEIPSEDDGTVLLSTVTAQFPGACGLRYRNPVSQCMRGVRLVEGILHAPDAGWGNLVYVVNYPKDNKRKMDETDASSAVKVKRAVQKTSDLIVLGLPWKTTEQDLKEYFSTFGEVLMVQVKKDLKTGHSKGFGFVRFTEYETQVKVMSQRHMIDGRWCDCKLPNSKQSQDEPLRSRKVFVGRCTEDMTEDELREFFSQYGDVMDVFIPKPFRAFAFVTFADDQIAQSLCGEDLIIKGISVHISNAEPKHNSNRQLERSGRFGGNPGGFGNQGGFGNSRTSQAHRVITKTKATCRGSQTRPSVLEITLIVALILVQQLVGDQHPMQGRAVVLMEALAQAWILSLLAGECRQWGCGWLV,No effect,0
GPTGTGESKCPLMVKVLDAVRGSPAINVAVHVFRKAADDTWEPFASGKTSESGELHGLTTEEEFVEGIYKVEIDTKSYWKALGISPMHEHAEVVFTANDSGPRRYTIAAMLSPYSYSTTAVVTNPKE,No aggregation,0
MDIAIHHPWIRRPFFPFHSPSRLFDQFFGEHLLESDLFPTSTSLSPFYLRPPSFLRAPSWFDTGLSEM,Slower aggregation,1
MDVFMKGLSKAKEGVVAAAEKTKQGVAEAAGKTKEGVLYVGSKSGDSVVHGVATVAEKTKEQVTNVGGAVVTGVTAVAQKTVEGAGSIAAATGFVKKDQLGKNEEGAPQEGILEDMPVDPDNEAYEMPSEEGYQDYEPEA,Slower aggregation,1
KVFGRCELAAAMKRHGLDNYRGYSLGNWVCAAKFESNFNTQATNRNTDGSTDYGILQINSRWWCNDGRTPGSRNLCNIPCSALLSSDITASVNCAKKIVSDGNGMNAWVAWRNRCKGTDVQAWIRGCRL,Faster aggregation,2
NLKHVAGAAAAGAVVGGLGGYMLGSAMSRPMIHFGND,No effect,0
IQKTPQIQVYSRHPPENGKPNILNCYVTQFHPPHIEIQMLKNGKKIPKVEMSDMSESKDWSFYILAHTEFTPTETDTYACRVKHASMAEPKTVYWDRDM,Slower aggregation,1
MEFVAKLFKFFKDLLGKFLGNN,No aggregation,0
MDVFMKGLSKAKEGVVAAAEKTKQGVAEAPGKTKEGVLYVGSKTKEGVVHGVATVAEKTKEQVTNVGGAVVTGVTAVAQKTVEGAGSIAAATGFVKKDQLGKNEEGAPQEGILEDMPVDPDNEAYEMPSEEGYQDYEPEA,Faster aggregation,2
MKSQAKMSLIALAITAGLSGHALAASTINEISVKQTGEGQDTLVAQTGVINAAAVTQTGNAQVATVVQDGVWHEAQVNSTGDANEVTVSQQTDWHVAAVDVTGNNNEAEVTQDGFFNQSSNDVVGNDNLVSVNQLGELNESYVEITGNENSAFVEQEGDENLAVFRVEGDNNDGDIKQYGNNNQAGLIALDLSANVGNNNDVSVEQIGNNNFGAAKGIAGNDNSVDIYQKGDNHTGFVYALAGSENDISMEQEGSNNTAYLSMTTGDDNTVDITQDGDSNTVGDSLIADIQGDDNDITIKQKGDSNGAEFQVWGDSNDVDLKQRGDANFATFGAYGTDNDFDLSSKGDNNELVAFATGEDNSIEISQEGDANFAYVDATGNDNEVNVEQDGDQNETIITVEGNNNADVTALQHRGDLNLIDLIIEGDENAAEITQAGSGNWVGGDSSSSFAASSFGVSGDNNSLMITQTGNDNLVLGSQAGNNNSISVTQSGDMNVATVVQY,Faster aggregation,2
MDVFMKGLSKAKEGVVAAAEKTKQGVAEAAGKTKEGVLYVGSKTKEGVVHGVTTVAEKTKEQVTNVGGAVVTGVTAVAQKTVEGAGSIAAATGFVKKDQLGKNEEGAPQEGILEDMPVDPDNEAYEMPSEEGYQDYEPEA,Faster aggregation,2
MEGLFNAIKDTVTAAINNDGAKLGTSIVSIVENGVGLLGKLFGF,Faster aggregation,2
ATQRLANFLVHVVVNFGAILS,No effect,0
MSEYIRVTEDENDEPIEIPSEDDGTVLLSTVTAQFPGACGLRYRNPVSQCMRGVRLVEGILHAPDAGWGNLVYVVNYPKDNKRKMDETDASSAVKVKRAV,Slower aggregation,1
MSEYIRVTEDENDEPIEIPSEDDGTVLLSTVTAQFPGACGLRYRNPVSQCMRGVRLVEGILHAPDAGWGNLVYVVNYPKDNKRKMDETDASSAVKVKRAVQKTSDLIVLGLPWKTTEQDLKEYFSTFGEVLMVQVKKDLKTGHSKGFGFVRFTEYETQVKVMSQRHMIDGRWCDCKLPNSKQSQDEPLRSRKVFVGRCTEDMTEDELREFFSQYGDVMDVFIPKPFRAFAFVTFADDQIAQSLCGEDLIIKGISVHISNAEPKHNSNRQLERSGRFGGNPGGFGNQGGFGNSRTSQAHRVITKTKATCRGSQTRPSVLEITLIVALILVQQLVGDQHPMQGRAVVLMEALAQAWILSLLAGECRQWGCGWLV,No effect,0
GIVEQCCTSICSLYQLENYCN FVNQHLCGSHLVEALYLVCGERGFFYTPKT,No effect,0
SVPVPEFADSDPANIVHDFNKKLTAYLDLNLDKCYVIPLNTSIVMPPRNLLELLINIKAGTYLPQSYLIHEHMVITDRIENIDHLGFFIYRLCHDKETYKL,Slower aggregation,1
MASHRLLLLCLAGLVFVSEAGPTGTGESKCPLMVKVLDAVRGSPAINVAVHVFRKAADDTWEPFASGKTSESGELHGLTTEEEFVEGIYKVEIDTKSYWKALGISPFHEHAEVVFTANDSGPRRYTIAALLSPYSYSTTAVVTNPKE,No effect,0
SGLTNIKTEEISEVKMDAEFRHDSGYEVHHQKLVFFAEDVGSNKGAIIGLMVGGVVIA,Faster aggregation,2
MDVFMKGLSKAKEGVVAAAEKTKQGVAEAAGKTKEGVLYVGSKSGNTVVHGVATVAEKTKEQVTNVGGAVVTGVTAVAQKTVEGAGSIAAATGFVKKDQLGKNEEGAPQEGILEDMPVDPDNEAYEMPSEEGYQDYEPEA,Slower aggregation,1
AGYDLANSEYNFAVNELSKSSFNQAAIIGQAGTNNSAQLRQGGSKLLAVVAQEGSSNRAKIDQTGDYNLAYIDQAGSANDASISQGAYGNTAMIIQKGSGNKANITQYGTQKTAIVVQRQSQMAIRVTQR,Faster aggregation,2
MDVFMKGLSKAKEGVVAAAEKTKQGVAEAAGKTKEGVLYVCSKTKEGCVHGVATVAEKTKEQVTNVGGAVVTGVTAVAQKTVEGAGSIAAATGFVKKDQLGKNEEGAPQEGILEDMPVDPDNEAYEMPSEEGYQDYEPEA,Slower aggregation,1
GVVPQYGGGGNHGGGGNNSGPNSELNIYQYGGGNSALALQTDARNSDLTITQHGGGNGADVGQGSDDSSIDLTQRGFGNSATLDQWNGKNSEMTVKQFGGGNGAAVDQTASNSSVNVTQVGFGNNATAHQY,Faster aggregation,2
MDVFMKGLSKAKEGVVAAAEKTKQGVAEAAGKTKEGVLYVGSKTKEGVVHGVATVAEKTKEQVTNVGGAVVTGVTAVAQKTVEGAGSIAAATGFVKKDQLGKNEEGAPQEGILEDMPVDPDNEAYEMPSEEGYQDYEPEA,Faster aggregation,2
SGNNFGAILSS,Faster aggregation,2
KVFGRCELAAAMKRHGLDNYRGYSLGNWVCAAKFESNFNTQATNRNTDGSTDYGILQINSRWWCNDGRTPGSRNLCNIPCSALLSSDITASVNCAKKIVSDGNGMNAWVAWRNRCKGTDVQAWIRGCRL,Faster aggregation,2
DAEFRHDSGYEVHHQKLVFFAEDVGSNKGAIIGLMVGGVV,Slower aggregation,1
MSEYIRVTEDENDEPIEIPSEDDGTVLLSTVTAQFPGACGLRYRNPVSQCMRGVRLVEGILHAPDAGWGNLVYVVNYPKDNKRKMDETDASSAVKVKRAVQKTSDLIVLGLPWKTTEQDLKEYFSTFGEVLMVQVKKDLKTGHSKGFGFVRFTEYETQVKVMSQRHMIDGRWCDCKLPNSKQSQDEPLRSRKVFVGRCTEDMTEDELREFFSQYGDVMDVFIPKPFRAFAFVTFADDQIAQSLCGEDLIIKGISVHISNAEPKHNSNRQLERSGRFGGNPGGFGNQGGFGNSRTSQAHRVITKTKATCRGSQTRPSVLEITLIVALILVQQLVGDQHPMQGRAVVLMEALAQAWILSLLAGECRQWGCGWLV,Slower aggregation,1
DAEFRHDSGYEVHHQKLVFFAEDVGSNKGAIIGLMVGGVVIA,Slower aggregation,1
DAEFRHDSGYEVHHQKLVFFAEDVGSNKGAIIGLMVGG,No aggregation,0
GPAEKWKPTPAPTGTVAAAVTDTQVSKDNKFDDTKTLNNAGANGSLSNSKGNLGANIAAGSGNQQDNAAAITSSAGDAATVFAVADIYQESKDNKFTNKGTQNNALLNNSANNSSGNVGVNVAAGQGNQQKNNLAIVTADGKNVAAASNTEQVSLDNHFLNEASSKHSYKPQYVVNNAGLLNSANNASGNIGVNVAAGAGNQQSNTLTLGSGCTVCAAGTGSKLAFLEHHHHHH,Faster aggregation,2
KKRPKPGGWNTGGSRYPGQGSPGGNRYPPQGGGGWGQPHGGGWGQPHGGGWGQPHGGGWGQPHGGGWGQGGGTHSQWNKPSKPKTNMKHMAGAAAAGAVVGGLGGYMLGSAMSRPMMHFGSD,Faster aggregation,2
KCNTATCATQRLANFLVHSSNNFGAILSSTNVGSNTY,No effect,0
DAEFRHDSGYEVHHQKLVFFAEDVGSNKGAIIGLMVGGVV,No effect,0
MDVFMKGLSKAKEGVVAAAEKTKQGVAEAAGKTKEGVLYVGSKTKEGVVHGVATVAEKTKEQVTNVGGAVVTGVTAVAQKTVEGAGNIAAATGFVKKDQMGKGEEGYPQEGILEDMPVDPGSEAYEMPSEEGYQDYEPEA,Faster aggregation,2
DAEFRHDSGYEVHHQKLVFFAEDVGSNKGAIIGLMVGGVVIA,Faster aggregation,2
AGYDLANSEYNFAVNELSKSSFNQAAIIGQAGTNNSAQLRQGGSKLLAVVAQEGSSNRAKIDQTGDYNLAYIDQAGSANDASISQGAYGNTAMIIQKGSGNKANITQYGTQKTAIVVQRQSQMAIRVTQR,Faster aggregation,2
MTCKMSQLERNIETIINTFHQYSVKLGHPDTLNQGEFKELVRKDLQNFLKKENKNEKVIEHIMEDLDTNADKQLSFEEFIMLMARLTWASHEKMHEGDEGPGHHHKPGLGEGTP,Faster aggregation,2
DAEFRHDSGYEVHHQKLVFFAEDVGSNKGAIIGLMVGGVVIA,Faster aggregation,2
MDVFMKGLSKAKEGVVAAAEKTKQGVAEAAGKTKEGVLYVGSKTKEGVVHGVATVAEKTKEQVTNVGGAVVTGVTAVAQKTVEGAGSIAAATGFVKKDQLGKNEEGAPQEGILEDMPVDPDNEAYEMPSEEGYQDYEPEA,Slower aggregation,1
MKWVTFISLLFLFSSAYSRGVFRRDAHKSEVAHRFKDLGEENFKALVLIAFAQYLQQCPFEDHVKLVNEVTEFAKTCVADESAENCDKSLHTLFGDKLCTVATLRETYGEMADCCAKQEPERNECFLQHKDDNPNLPRLVRPEVDVMCTAFHDNEETFLKKYLYEIARRHPYFYAPELLFFAKRYKAAFTECCQAADKAACLLPKLDELRDEGKASSAKQRLKCASLQKFGERAFKAWAVARLSQRFPKAEFAEVSKLVTDLTKVHTECCHGDLLECADDRADLAKYICENQDSISSKLKECCEKPLLEKSHCIAEVENDEMPADLPSLAADFVESKDVCKNYAEAKDVFLGMFLYEYARRHPDYSVVLLLRLAKTYETTLEKCCAAADPHECYAKVFDEFKPLVEEPQNLIKQNCELFEQLGEYKFQNALLVRYTKKVPQVSTPTLVEVSRNLGKVGSKCCKHPEAKRMPCAEDYLSVVLNQLCVLHEKTPVSDRVTKCCTESLVNRRPCFSALEVDETYVPKEFNAETFTFHADICTLSEKERQIKKQTALVELVKHKPKATKEQLKAVMDDFAAFVEKCCKADDKETCFAEEGKKLVAASQAALGL,No effect,0
MDVFMKGLSKAKEGVVAAAEKTKQGVAEAAGKTKEGVLYVGSKTKEGVVHGVATVAEKTKEQVTNVGGAVVTGVTAVAQKTVEGAGSIAAATGFVKKDQLGKNEEGAPQEGILEDMPVDPDNEAYEMPSEEGYQDYEPEA,No effect,0
MSDSNQGNNQQNYQQYSQNGNQQQGNNRYQGYQAYNAQAQPAGGYYQNYQGYSGYQQGGYQQYNPDAGYQQQYNPQGGYQQYNPQGGYQQQFNPQGGRGNYKNFNYNNNLQGYQAGFQPQSQGMSLNDFQKQQKQAAPKPKKTLKLVSSSGIKLANATKKVGTKPAESDKKEEEKSAETKEPTKEPTKVEEPVKKEEKPVQTEEKTEEKSELPKVEDLKISESTHNTNNANVTSADALIKEQEEEVDDEVVND,Slower aggregation,1
MKLLKVAAFAAIVVSGSALAGVVPQWGGGGNHNGGGNSSGPDSTLSIYQYGSANAALALQSDARKSETTITQSGYGNGADVGQGADNSTIELTQNGFRNNATIDQWNAKNSDITVGQYGGNNAALVNQTASDSSVMVRQVGFGNNATANQY,Faster aggregation,2
DAEFRHDSGYEVHHQKLVFFAEDVGSNKGAIIGLMVGGVVIA,Faster aggregation,2
DAEFRHDSGYEVHHQKLVFFAEDVGSNKGAIIGLMVGGVVIA,Faster aggregation,2
KCNTATCATQRLANFLVHSSNNFGAILSSTNVGSNTY,No aggregation,0
QTAPVPMPDLKNVKSKIGSTENLKHQPGGGKVVQIVYKPVDLSKVTSKCGSLGNIHHKPGGGQVEVKSEKLDFKDRVQSKIGSLDNITHVPGGGNKKIE,Faster aggregation,2
DAEFRHDSGYEVHHQKLVFFAEDVGSNKGAIIGLMVGGVVIA,Faster aggregation,2
DAEFRHDSGYEVHHQKLVFFAEDVGSNKGAIIGLMVGGVVIA,Faster aggregation,2
GPTGTGESKCPLMVKVLDAVRGSPAINVAVHVFRKAADDTWEPFASGKTSESGELHGLTTEEEFVEGIYKVEIDTKSYWKALGISPFHEHAEVVFTANDSGPRRYTIAALLSPYSYSTTAVVTNPKE,Slower aggregation,1
MSDSNQGNNQQNYQQYSQNGNQQQGNNRYQGYQAYNAQAQPAGGYYQNYQGYSGYQQGGYQQYNPDAGYQQQYNPQGGYQQYNPQGGYQQQFNPQGGRGNYKNFNYNNNLQGYQAGFQPQSQGMSLNDFQKQQKQAAPKPKKTLKLVSSSGIKLANATKKVGTKPAESDKKEEEKSAETKEPTKEPTKVEEPVKKEEKPVQTEEKTEEKSELPKVEDLKISESTHNTNNANVTSADALIKEQEEEVDDEVVND,No effect,0
MDVFMKGLSKAKEGVVAAAEKTKQGVAEAAGKTKEGVLYVGSKTKEGVVHGVATVAEKTKEQVTNVGGAVVTGVTAVAQKTVEGAGSIAAATGFVKKDQLGKNEEGAPQEGILEDMPVDPDNEAYEMPSEEGYQDYEPEA,Faster aggregation,2
MDVFMKGLSKAKEGVVAAAEKTKQGVAEAAGKTKEGVLYVGSKTKEGVVHGVATVAEKTKEQVTNVGGAVVTGVTAVAQKTVEGAGSIAAATGFVKKDQLG,Faster aggregation,2
DTHKSEIAHRFKDLGEEHFKGLVLIAFSQYLQQCPFDEHVKLVNELTEFAKTCVADESHAGCEKSLHTLFGDELCKVASLRETYGDMADCCEKQEPERNECFLSHKDDSPDLPKLKPDPNTLCDEFKADEKKFWGKYLYEIARRHPYFYAPELLYYANKYNGVFQECCQAEDKGACLLPKIETMREKVLASSARQRLRCASIQKFGERALKAWSVARLSQKFPKAEFVEVTKLVTDLTKVHKECCHGDLLECADDRADLAKYICDNQDTISSKLKECCDKPLLEKSHCIAEVEKDAIPENLPPLTADFAEDKDVCKNYQEAKDAFLGSFLYEYSRRHPEYAVSVLLRLAKEYEATLEECCAKDDPHACYSTVFDKLKHLVDEPQNLIKQNCDQFEKLGEYGFQNALIVRYTRKVPQVSTPTLVEVSRSLGKVGTRCCTKPESERMPCTEDYLSLILNRLCVLHEKTPVSEKVTKCCTESLVNRRPCFSALTPDETYVPKAFDEKLFTFHADICTLPDTEKQIKKQTALVELLKHKPKATEEQLKTVMENFVAFVDKCCAADDKEACFAVEGPKLVVSTQTALA,Faster aggregation,2
KCNTATCATQRLANFLVHSSNNFGAPLSSTNVGSNTY,Faster aggregation,2
MDVFMKGLSKAKEGVVAAAEKTKQGVAEAAGKTKEGVLYVGSKTKKGVVHGVATVAEKTKEQVTNVGGAVVTGVTAVAQKTVEGAGSIAAATGFVKKDQLGKNEEGAPQEGILEDMPVDPDNEAYEMPSEEGYQDYEPEA,No aggregation,0
MAFAGILNDADITAALAACKAEGSFDHKAFFTKVGLAAKSPADIKKVFEIIDQDKSDFVEEDELKLFLQNFSAGARALSDAETKVFLKAGDSDGDGKIGVDEFGAMIKA,No aggregation,0
EQLTKCEVFRELKDLKGYGGVSLPEWVCTTFHTSGYDTQAIVQNNDSTEYGLFQINNKIWCKDDQNPHSSNICNISCDKFLDDDLTDDIMCVKKILDKVGINYWLAHKALCSEKLDQWLCEKL,No aggregation,0
KKRPKPGGWNTGGSRYPGQGSPGGNRYPPQGGTWGQPHGGGWGQPHGGSWGQPHGGSWGQPHGGGWGQGGGTHNQWNKPSKPKTNLKHVAGAAAAGAVVGGLGGYMLGSAMSRPMIHFGNDW,Slower aggregation,1
MAEPRQEFEVMEDHAGTYGLGDRKDQGGYTMHQDQEGDTDAGLKESPLQTPTEDGSEEPGSETSDAKSTPTAEDVTAPLVDEGAPGKQAAAQPHTEIPEGTTAEEAGIGDTPSLEDEAAGHVTQARMVSKSKDGTGSDDKKAKGADGKTKIATPRGAAPPGQKGQANATRIPAKTPPAPKTPPSSGEPPKSGDRSGYSSPGSPGTPGSRSRTPSLPTPPTREPKKVAVVRTPPKSPSSAKSRLQTAPVPMPDLKNVKSKIGSTENLKHQPGGGKVQIINKKLDLSNVQSKCGSKDNIKHVPGGGSVQIVYKPVDLSKVTSKCGSLGNIHHKPGGGQVEVKSEKLDFKDRVQSKIGSLDNITHVPGGGNKKIETHKLTFRENAKAKTDHGAEIVYKSPVVSGDTSPRHLSNVSSTGSIDMVDSPQLATLADEVSASLAKQGL,No aggregation,0
MDVFMKGLSKAKEGVVAAAEKTKQGVAEAAGKTKEGVLYVGSKTKEGVVHGVATVAEKTKEQVTNVGGAVVTGVTAVAQKTVEGAGSIAAATGFVKKDQLGKNEEGAPQEGILEDMPVDPDNEAYEMPSEEGYQDYEPEA,Faster aggregation,2
GIVEQCCTSICSLYQLENYCN FVNQHLCGSHLVEALYLVCGERGFFYTPKT,Faster aggregation,2
DAEFRHDSGYEVHHQKLVFFAEDVGSNKGAIIGLMVGGVV,Faster aggregation,2
MKALIVLGLVLLSVTVQGKVFERCELARTLKRLGMDGYRGISLANWMCLAKWESGYNTRATNYNAGDRSTDYGIFQINSRYWCNDGKTPGAVNACHLSCSALLQDNIADAVACAKRVVRDPQGIRAWVAWRNRCQNRDVRQYVQGCGV,Slower aggregation,1
MDVFMKGLSKAKEGVVAAAEKTKQGVAEAAGKTKEGVLYVGSKTKEGVVHGVATVAEKTKEQVTNVGGAVVTGVTAVAQKTVEGAGSIAAATGFVKKDQLGKNEEGAPQEGILEDMPVDPDNEAYEMPSEEGYQDYEPEA,Faster aggregation,2
MEFVAKLFKFFKDLLGKFLGNN,No aggregation,0
MKLLKVAAIAAIVFSGSALAGVVPQYGGGGNHGGGGNNSGPNSELNIYQYGGGNSALALQTDARNSDLTITQHGGGNGADVGQGSDDSSIDLTQRGFGNSATLDQWNGKNSEMTVKQFGGGNGAAVDQTASNSSVNVTQVGFGNNATAHQY,Faster aggregation,2
EQLTKCEVFRELKDLKGYGGVSLPEWVCTTFHTSGYDTQAIVQNNDSTEYGLFQINNKIWCKDDQNPHSSNICNISCDKFLDDDLTDDIMCVKKILDKVGINYWLAHKALCSEKLDQWLCEKL,No aggregation,0
MKPTMALKPLVFALAALMAVAAQAGPAEKWKPTPAPTGTVAAAVTDTQVSKDNKFDDTKTLNNAGANGSLSNSKGNLGANIAAGSGNQQDNAAAITSSAGDAATVFAVADIYQESKDNKFTNKGTQNNALLNNSANNSSGNVGVNVAAGQGNQQKNNLAIVTADGKNVAAASNTEQVSLDNHFLNEASSKHSYKPQYVVNNAGLLNSANNASGNIGVNVAAGAGNQQSNTLTLGSGCTVCAAGTGSKLAF,Faster aggregation,2
MTCKMSQLERNIETIINTFHQYSVKLGHPDTLNQGEFKELVRKDLQNFLKKENKNEKVIEHIMEDLDTNADKQLSFEEFIMLMARLTWASHEKMHEGDEGPGHHHKPGLGEGTP,Faster aggregation,2
MDVFMKGLSKAKEGVVAAAEKTKQGVAEAAGKTKEGVLYVGSKTKEGVVHGVATVAEKTKEQVTNVGGAVVTGVTAVAQKTVEGAGSIAAATGFVKKDQLGKNEEGAPQEGILEDMPVDPDNEAYEMPSEEGYQDYEPEA,No effect,0
EFRHDSGYEVHHQKLVFFAEDVGSNKGAIIGLMVGGVVIA,Faster aggregation,2
MKLLKVAAIAAIVFSGSALAGVVPQYGGGGNHGGGGNNSGPNSELNIYQYGGGNSALALQTDARNSDLTITQHGGGNGADVGQGSDDSSIDLTQRGFGNSATLDQWNGKNSEMTVKQFGGGNGAAVDQTASNSSVNVTQVGFGNNATAHQY,Faster aggregation,2
DAEFRHDSGYEVHHQKLVFFAEDVGSNKGAIIGLMVGGVVIA,Faster aggregation,2
QKTSDLIVLGLPWKTTEQDLKEYFSTFGEVLMVQVKKDLKTGHSKGFGFVRFTEYETQVKVMSQRHMIDGRWCDCKLPNSKQSQDEPLRSRKVFVGRCTEDMTEDELREFFSQYGDVMDVFIPKPFRAFAFVTFADDQIAQSLCGEDLIIKGISVHISNAEPKHN,No effect,0
MKCLLLALALTCGAQALIVTQTMKGLDIQKVAGTWYSLAMAASDISLLDAQSAPLRVYVEELKPTPEGDLEILLQKWENGECAQKKIIAEKTKIPAVFKIDALNENKVLVLDTDYKKYLLFCMENSAEPEQSLACQCLVRTPEVDDEALEKFDKALKALPMHIRLSFNPTQLEEQCHI,Slower aggregation,1
DAEFRHDSGYEVHHQKLVFFAEDVGSNKGAIIGLMVGGVV,Faster aggregation,2
KVFGRCELAAAMKRHGLDNYRGYSLGNWVCAAKFESNFNTQATNRNTDGSTDYGILQINSRWWCNDGRTPGSRNLCNIPCSALLSSDITASVNCAKKIVSDGNGMNAWVAWRNRCKGTDVQAWIRGCRL,Faster aggregation,2
DAEFRHDSGYEVHHQKLVFFAEDVGSNKGAIIGLMVGGVV,Faster aggregation,2
MKWVTFISLLFLFSSAYSRGVFRRDAHKSEVAHRFKDLGEENFKALVLIAFAQYLQQCPFEDHVKLVNEVTEFAKTCVADESAENCDKSLHTLFGDKLCTVATLRETYGEMADCCAKQEPERNECFLQHKDDNPNLPRLVRPEVDVMCTAFHDNEETFLKKYLYEIARRHPYFYAPELLFFAKRYKAAFTECCQAADKAACLLPKLDELRDEGKASSAKQRLKCASLQKFGERAFKAWAVARLSQRFPKAEFAEVSKLVTDLTKVHTECCHGDLLECADDRADLAKYICENQDSISSKLKECCEKPLLEKSHCIAEVENDEMPADLPSLAADFVESKDVCKNYAEAKDVFLGMFLYEYARRHPDYSVVLLLRLAKTYETTLEKCCAAADPHECYAKVFDEFKPLVEEPQNLIKQNCELFEQLGEYKFQNALLVRYTKKVPQVSTPTLVEVSRNLGKVGSKCCKHPEAKRMPCAEDYLSVVLNQLCVLHEKTPVSDRVTKCCTESLVNRRPCFSALEVDETYVPKEFNAETFTFHADICTLSEKERQIKKQTALVELVKHKPKATKEQLKAVMDDFAAFVEKCCKADDKETCFAEEGKKLVAASQAALGL,No aggregation,0
DAEFRHDSGYEVHHQKLVFFAEDVGSNKGAIIGLMVGGVV,Faster aggregation,2
MDVFMKGLSKAKEGVVAAAEKTKQGVAEAAGKTKEGVLYVGSKTKEGVVHGVATVAEKTKEQVTNVGGAVVTGVTAVAQKTVEGAGSIAAATGFVKKDQLGKNEEGAPQEGILEDMPVDPDNEAYEMPSEEGYQDYEPEA,Slower aggregation,1
DAEFRHDSGYEVHHQKLVFFAEDVGSNKGAIIGLMVGGVVIA,Faster aggregation,2
MDHHHHHHWIHRPFFPFHSPSRLFDQFFGEHLLESDLFPTSTSLSPFYLRPPSFLRAPSWFDTGLSEIRLEKDRFSVNLDVKHFSPEELKVKVLGDVIEVHGKHEERQDEHGFISREFHRKYRIPADVDVLTITSSLSSDGVLTVNGPRKQVSGPERTIPITREEKPAVTAAPKKHMGIVEQCCTSICSLYQLENYCN,Faster aggregation,2
DAEFRHDSGYEVHHQKLVFFAEDVGSNKGAIIGLMVGGVVIA,Slower aggregation,1
MDVFMKGLSKAKEGVVAAAEKTKQGVAEAAGKTKEGVLYVGSKTKEGVVHGVATVAEKTKEQVTNVGGAVVTGVTAVAQKTVEGAGSIAAATGFVKKDQLGKNEEGAPQEGILEDMPVDPDNEAYEMPSEEGYQDYEPEA,Faster aggregation,2
MTGLAEAIANTVQAAQQHDSVKLGTSIVDIVANGVGLLGKLFGF,Faster aggregation,2
GPTGTGESKCPLMVKVLDAVRGSPAINVAVHVFRKAADDTWEPFASGKTSESGELHGLTTEEEFVEGIYKVEIDTKSYWKALGISPMHEHAEVVFTANDSGPRRYTIAAMLSPYSYSTTAVVTNPKE,No aggregation,0
SEQUENCEUNAVAILABLE,Faster aggregation,2
DAEFRHDSGYEVHHQKLVFFAEDVGSNKGAIIGLMVGGVV,Slower aggregation,1
DAEFRHDSGYEVHHQKLVFFAEDVGSNKGAIIGLMVGGVVIA,Faster aggregation,2
KCNTATCATQRLANFLVHSSNNFGAILSSTNVGSNTY,No effect,0
MAEPRQEFEVMEDHAGTYGLGDRKDQGGYTMHQDQEGDTDAGLKEAEEAGIGDTPSLEDEAAGHVTQARMVSKSKDGTGSDDKKAKGADGKTKIATPRGAAPPGQKGQANATRIPAKTPPAPKTPPSSGEPPKSGDRSGYSSPGSPGTPGSRSRTPSLPTPPTREPKKVAVVRTPPKSPSSAKSRLQTAPVPMPDLKNVKSKIGSTENLKHQPGGGKVVQIVYKPVDLSKVTSKCGSLGNIHHKPGGGQVEVKSEKLDFKDRVQSKIGSLDNITHVPGGGNKKKIETHKLTFRENAKAKTDHGAEIVYKSPVVSGDTSPRHLSNVSSTGSIDMVDSPQLATLADEVSASLAKQGL,Faster aggregation,2
SSLIAGFNNSSHVLFNALRQ,No effect,0
MDVFMKGLSKAKEGVVAAAEKTKQGVAEAAGKTKEGVLYVGSKTPDGVVHGVATVAEKTKEQVTNVGGAVVTGVTAVAQKTVEGAGSIAAATGFVKKDQLGKNEEGAPQEGILEDMPVDPDNEAYEMPSEEGYQDYEPEA,Slower aggregation,1
GNNQQNY,No effect,0
DAEFRHDSGYEVHHQKLVFFAEDVGSNKGAIIGLMVGG,Slower aggregation,1
GIVEQCCTSICSLYQLENYCN FVNQHLCGSHLVEALYLVCGERGFFYTPKT,No effect,0
GPTGTGESKCPLMVKVLDAVRGSPAINVAVHVFRKAADDTWEPFASGKTSESGELHGLTTEEEFVEGIYKVEIDTKSYWKALGISPMHEHAEVVFTANDSGPRRYTIAAMLSPYSYSTTAVVTNPKE,No aggregation,0
KVFGRCELAAAMKRHGLDNYRGYSLGNWVCAAKFESNFNTQATNRNTDGSTDYGILQINSRWWCNDGRTPGSRNLCNIPCSALLSSDITASVNCAKKIVSDGNGMNAWVAWRNRCKGTDVQAWIRGCRL,Faster aggregation,2
DAEFRHDSGYEVHHQKLVFFAEDVGSNKGAIIGLMVGGVVIA,Faster aggregation,2
MKLLKVAAFAAIVVSGSALAGVVPQWGGGGGHNNGGNNSGPESTLSIFQYGSANSALALQSDARKSDLSIKQYGHGNGADVGQGADNSGIDLTQNGYRNSATIDQWNAKNSDIVVSQFGGRNGALVNQTASDSQVSVTQVGFGNNATANQY,Faster aggregation,2
KKRPKPGGWNTGGSRYPGQGSPGGNRYPPQGGGGWGQPHGGGWGQPHGGGWGQPHGGGWGQPHGGGWGQGGGTHSQWNKPSKPKTNMKHMAGAAAAGAVVGGLGGYMLGSAMSRPIIHFGSD,Faster aggregation,2
KCNTATCATQRLANFLVRSSNNLGPVLPPTNVGSNTY,Slower aggregation,1
VQIVYK,Slower aggregation,1
DAEFRHDSGYEVHHQKLVFFAEDVGSNKGAIIGLMVGGVV,No effect,0
DAEFRHDSGYEVHHQKLVFFAEDVGSNKGAIIGLMVGGVVIA,Faster aggregation,2
KVFGRCELAAAMKRHGLDNYRGYSLGNWVCAAKFESNFNTQATNRNTDGSTDYGILQINSRWWCNDGRTPGSRNLCNIPCSALLSSDITASVNCAKKIVSDGNGMNAWVAWRNRCKGTDVQAWIRGCRL,No aggregation,0
RHDSGYEVHHQKLVFFAEDVGSNKGAIIGLMVGGVVIA,Faster aggregation,2
GPTGTGESKCPLMVKVLDAVRGSPAINVAVHVFRKAADDTWEPFASGKTSESGELHGLTTEEEFVEGIYKVEIDTKSYWKALGISPMHEHAEVVFTANDSGPRRYTIAAMLSPYSYSTTAVVTNPKE,Slower aggregation,1
SEQUENCEUNAVAILABLE,Slower aggregation,1
KKRPKPGGWNTGGSRYPGQGSPGGNRYPPQGGTWGQPHGGGWGQPHGGSWGQPHGGSWGQPHGGGWGQGGGTHNQWNKPSKPKTNLKHVAGAAAAGAVVGGLGGYMLGSAMSRPMIHFGNDW,Faster aggregation,2
ANTSNEVQPVDARPAADRGLTTRPGSGLTNIKTEEISEVKMDAEFRHDSGYEVHHQKLVFFAEDVGSNKGAIIGLMVGGVVIA,Faster aggregation,2
KCNTATCATQRLANFLVHSSNNFGAILSSTNVGSNTY,Faster aggregation,2
MDVFMKGLSKAKEGVVAAAEKTKQGVAEAAGKTKEGVLYVGSKTKEGVVHGVATVAEKTKEQVTNVGGAVVTGVTAVAQKTVEGAGSIAAATGFVKKDQLGKNEEGAPQEGILEDMPVDPDNEAYEMPSEEGYQDYEPEA,Faster aggregation,2
KCNTATCATQRLANFLVHSSNNFGAILSSTNVGSNTY,Faster aggregation,2
GNNQQNY,Faster aggregation,2
DAEFRHDSGYEVHHQKLVFFAEDVGSNKGAIIGLMVGGVVIA,Faster aggregation,2
MTGLAEAIANTVQAAQQHDSVKLGTSIVDIVANGVGLLGKLFGF,No effect,0
MDHHHHHHWIHRPFFPFHSPSRLFDQFFGEHLLESDLFPTSTSLSPFYLRPPSFLRAPSWFDTGLSEIRLEKDRFSVNLDVKHFSPEELKVKVLGDVIEVHGKHEERQDEHGFISREFHRKYRIPADVDVLTITSSLSSDGVLTVNGPRKQVSGPERTIPITREEKPAVTAAPKKHMGIVEQCCTSICSLYQLENYCN,Faster aggregation,2
MAEPRQEFEVMEDHAGTYGLGDRKDQGGYTMHQDQEGDTDAGLKESPLQTPTEDGSEEPGSETSDAKSTPTAEDVTAPLVDEGAPGKQAAAQPHTEIPEGTTAEEAGIGDTPSLEDEAAGHVTQARMVSKSKDGTGSDDKKAKGADGKTKIATPRGAAPPGQKGQANATRIPAKTPPAPKTPPSSGEPPKSGDRSGYSSPGSPGTPGSRSRTPSLPTPPTREPKKVAVVRTPPKSPSSAKSRLQTAPVPMPDLKNVKSKIGSTENLKHQPGGGKVQIINKKLDLSNVQSKCGSKDNIKHVPGGGSVQIVYKPVDLSKVTSKCGSLGNIHHKPGGGQVEVKSEKLDFKDRVQSKIGSLDNITHVPGGGNKKIETHKLTFRENAKAKTDHGAEIVYKSPVVSGDTSPRHLSNVSSTGSIDMVDSPQLATLADEVSASLAKQGL,Slower aggregation,1
GIVEQCCASVCSLYQLENYCN FVNQHLCGSHLVEALYLVCGERGFFYTPKA,Faster aggregation,2
SEQUENCEUNAVAILABLE,No effect,0
MDIAIHHPWIHRPFFPFHSPSRLFDQFFGEHLLESDLFPTSTSLSPFYLRPPSFLRAPSWFDTGLSEIRLEKDRFSVNLDVKHFSPEELKVKVLGDVIEVHGKHEERQDEHGFISREFHRKYRIPADVDVLTITSSLSSDGVLTVNGPRKQVSGPERTIPITREEKPAVTAAPKKHMFVNQHLCGSHLVEALYLVCGERGFFYTPKT,Faster aggregation,2
MDVFMKGLSKAKEGVVAAAEKTKQGVAEAAGKTKEGVLYVGSKTKKGVVHGVATVAEKTKEQVTNVGGAVVTGVTAVAQKTVEGAGSIAAATGFVKKDQLGKNEEGAPQEGILEDMPVDPDNEAYEMPSEEGYQDYEPEA,No aggregation,0
NLKHVAGAAAAGAVVGGLGGYMLGSAMSRPMIHFGND,No effect,0
MDVFMKGLSKAKEGVVAAAEKTKQGVAEAAGKTKEGVLYVGSKNPDGVVHGVATVAEKTKEQVTNVGGAVVTGVTAVAQKTVEGAGSIAAATGFVKKDQLGKNEEGAPQEGILEDMPVDPDNEAYEMPSEEGYQDYEPEA,Slower aggregation,1
MASHRLLLLCLAGLVFVSEAGPTGTGESKCPLMVKVLDAVRGSPAINVAVHVFRKAADDTWEPFASGKTSESGELHGLTTEEEFVEGIYKVEIDTKSYWKALGISPFHEHAEVVFTANDSGPRRYTIAALLSPYSYSTTAVVTNPKE,Slower aggregation,1
AGYDLANSEYNFAVNELSKSSFNQAAIIGQAGTNNSAQLRQGGSKLLAVVAQEGSSNRAKIDQTGDYNLAYIDQAGSANDASISQGAYGNTAMIIQKGSGNKANITQYGTQKTAIVVQRQSQMAIRVTQR,Faster aggregation,2
KCNTATCATQRLANFLVHSSNNFGAILSSTNVGSNTY,Faster aggregation,2
KKRPKPGGWNTGGSRYPGQGSPGGNRYPPQGGGTWGQPHGGGWGQPHGGGWGQPHGGGWGQPHGGGWGQGGGTHNQWNKPSKPKTNMKHMAGAAAAGAVVGGLGGYMLGSAMSRPMMHFGND,Faster aggregation,2
IQKTPQIQVYSRHPPENGKPNILNCYVTQFHPPHIEIQMLKNGKKIPKVEMSDMSFSKDESFYILAHTEFTPTETDTYACRVKHASMAEPKTVYWDRDM,Slower aggregation,1
MKNKLLFMMLTILGAPGIAAAAGYDLANSEYNFAVNELSKSSFNQAAIIGQAGTNNSAQLRQGGSKLLAVVAQEGSSNRAKIDQTGDYNLAYIDQAGSANDASISQGAYGNTAMIIQKGSGNKANITQYGTQKTAIVVQRQSQMAIRVTQR,Faster aggregation,2
EFRHDSGYEVHHQKLVFFAEDVGSNKGAIIGLMVGGVVIA,Faster aggregation,2
KCNTATCATQRLANFLVHSSNNFGAILSSTNVGSNTY,No aggregation,0
KCNTATCATQRLANFLVRSSNNLGPVLPPTNVGSNTY,Faster aggregation,2
MEEPQSDPSVEPPLSQETFSDLWKLLPENNVLSPLPSQAMDDLMLSPDDIEQWFTEDPGPDEAPRMPEAAPPVAPAPAAPTPAAPAPAPSWPLSSSVPSQKTYQGSYGFRLGFLHSGTAKSVTCTYSPALNKMFCQLAKTCPVQLWVDSTPPPGTRVRAMAIYKQSQHMTEVVRRCPHHERCSDSDGLAPPQHLIRVEGNLRVEYLDDRNTFRHSVVVPCEPPEVGSDCTTIHYNYMCNSSCMGGMNRRPILTIITLEDSSGNLLGRNSFEVRVCACPGRDRRTEEENLRKKGEPHHELPPGSTKRALPNNTSSSPQPKKKPLDGEYFTLQIRGRERFEMFRELNEALELKDAQAGKEPGGSRAHSSHLKSKKGQSTSRHKKLMFKTEGPDSD,Faster aggregation,2
MASHRLLLLCLAGLVFVSEAGPTGTGESKCPLMVKVLDAVRGSPAINVAVHVFRKAADDTWEPFASGKTSESGELHGLTTEEEFVEGIYKVEIDTKSYWKALGISPFHEHAEVVFTANDSGPRRYTIAALLSPYSYSTTAVVTNPKE,Slower aggregation,1
MSEYIRVTEDENDEPIEIPSEDDGTVLLSTVTAQFPGACGLRYRNPVSQCMRGVRLVEGILHAPDAGWGNLVYVVNYPKDNKRKMDETDASSAVKVKRAVQKTSDLIVLGLPWKTTEQDLKEYFSTFGEVLMVQVKKDLKTGHSKGFGFVRFTEYETQVKVMSQRHMIDGRWCDCKLPNSKQSQDEPLRSRKVFVGRCTEDMTEDELREFFSQYGDVMDVFIPKPFRAFAFVTFADDQIAQSLCGEDLIIKGISVHISNAEPKHNSNRQLERSGRFGGNPGGFGNQGGFGNSRTSQAHRVITKTKATCRGSQTRPSVLEITLIVALILVQQLVGDQHPMQGRAVVLMEALAQAWILSLLAGECRQWGCGWLV,Slower aggregation,1
MKWVTFISLLFLFSSAYSRGVFRRDAHKSEVAHRFKDLGEENFKALVLIAFAQYLQQCPFEDHVKLVNEVTEFAKTCVADESAENCDKSLHTLFGDKLCTVATLRETYGEMADCCAKQEPERNECFLQHKDDNPNLPRLVRPEVDVMCTAFHDNEETFLKKYLYEIARRHPYFYAPELLFFAKRYKAAFTECCQAADKAACLLPKLDELRDEGKASSAKQRLKCASLQKFGERAFKAWAVARLSQRFPKAEFAEVSKLVTDLTKVHTECCHGDLLECADDRADLAKYICENQDSISSKLKECCEKPLLEKSHCIAEVENDEMPADLPSLAADFVESKDVCKNYAEAKDVFLGMFLYEYARRHPDYSVVLLLRLAKTYETTLEKCCAAADPHECYAKVFDEFKPLVEEPQNLIKQNCELFEQLGEYKFQNALLVRYTKKVPQVSTPTLVEVSRNLGKVGSKCCKHPEAKRMPCAEDYLSVVLNQLCVLHEKTPVSDRVTKCCTESLVNRRPCFSALEVDETYVPKEFNAETFTFHADICTLSEKERQIKKQTALVELVKHKPKATKEQLKAVMDDFAAFVEKCCKADDKETCFAEEGKKLVAASQAALGL,No effect,0
KCNTATCATQRLANFLVHSSNNFGAILSSTNVGSNTY,Faster aggregation,2
QTIEENIKIFEEEEVEFISVPVPEFADSDPANIVHDFNKKLTAYLDLNLDKCYVIPLNTSIVMPPRNLLELLINIKAGTYLPQSYLIHEHMVITDRIENIDHLGFFIYRLCHDKETYKL,No effect,0
MDVFMKGLSKAKEGVVAAAEKTKQGVAEAAGKTKEGVLYVCSKTKEGCVHGVATVAEKTKEQVTNVGGAVVTGVTAVAQKTVEGAGSIAAATGFVKKDQLGKNEEGAPQEGILEDMPVDPDNEAYEMPSEEGYQDYEPEA,Slower aggregation,1
MGIIAGIIKVIKSLIEQFTGK,Faster aggregation,2
KVYGRCELAAAMKRLGLDNYRGYSLGNWVCAAKFESNFNTHATNRNTDGSTDYGILQINSRWWCNDGRTPGSKNLCNIPCSALLSSDITASVNCAKKIASGGNGMNAWVAWRNRCKGTDVHAWIRGCRL,Faster aggregation,2
GSNKGAIIGLM,Faster aggregation,2
GNNQQNY,Faster aggregation,2
GNNQQNY,Faster aggregation,2
GPTGTGESKCPLMVKVLDAVRGSPAINVAVHVFRKAADDTWEPFASGKTSESGELHGLTTEEEFVEGIYKVEIDTKSYWKALGISPFHEHAEVVFTANDSGPRRYTIAALLSPYSYSTTAVVTNPKE,Slower aggregation,1
KVFGRCELAAAMKRHGLDNYRGYSLGNWVCAAKFESNFNTQATNRNTDGSTDYGILQINSRWWCNDGRTPGSRNLCNIPCSALLSSDITASVNCAKKIVSDGNGMNAWVAWRNRCKGTDVQAWIRGCRL,No aggregation,0
SEQUENCEUNAVAILABLE,Slower aggregation,1
MDVFMKGLSKAKEGVVAAAEKTKQGVAEAAGKTKEGVLYVGSKTKEGVVHGVATVAEKTKEQVTNVGGAVVTGVTAVAQKTVEGAGSIAAATGFVKKDQLGKNEEGAPQEGILEDMPVDPDNEAYEMPSEEGYQDYEPEA,Faster aggregation,2
KCNTATC,Faster aggregation,2
MDIAIHHPWIRRPFFPFHSPSRLFDQFFGEHLLESDLFPTSTSLSPFYLRPPSFLRAPSWFDTGLSEMRLEKDRFSVNLDVKHFSPEELKVKVLGDVIEVHGKHEERQDEHGFISREFHRKYRIPADVDPLTITSSLSSDGVLTVNGPRKQVSGPERTIPITREEKPAVTAAPKK,No aggregation,0
DAEFRHDSGYEVHHQKLVFFAEDVGSNKGAIIGLMVGGVVIA,Faster aggregation,2
MKVLILACLVALALARELEELNVPGEIVESLSSSEESITRINKKIEKFQSEEQQQTEDELQDKIHPFAQTQSLVYPFPGPIPNSLPQNIPPLTQTPVVVPPFLQPEVMGVSKVKEAMAPKHKEMPFPKYPVEPFTESQSLTLTDVENLHLPLPLLQSWMHQPHQPLPPTVMFPPQSVLSLSQSKVLPVPQKAVPYPQRDMPIQAFLLYQEPVLGPVRGPFPIIV,No aggregation,0
QRLANFLVHSSNNFGAILSS,Faster aggregation,2
DAEFRHDSGYEVHHQKLVFFAEDVGSNKGAIIGLMVGGVVIA,Faster aggregation,2
KVFERCELARTLKRLGMDGYRGISLANWMCLAKWESGYNTRATNYNAGDRSTDYGIFQINSRYWCNDGKTPGAVNACHLSCSALLQDNIADAVACAKRVVRDPQGIRAWVAWRNRCQNRDVRQYVQGCGV,Faster aggregation,2
AGAAAAGAVVGGLGGYMLGSAMSRPMIHFGNDWEDRYYRENMYRYPNQVYYRPVDQYSNQNNFVHDCVNITIKQHTVTTTTKGENFTETDVKMMERVVEQMCVTQYQKESQAYYDGRRS,No effect,0
DAEFRHDSGYEVHHQKLVFFAEDVGSNKGAIIGLMVGGVVIA,Slower aggregation,1
EFRHDSGYEVHHQKLVFFAEDVGSNKGAIIGLMVGGVVIA,Faster aggregation,2
KKRPKPGGWNTGGSRYPGQGSPGGNRYPPQGGTWGQPHGGGWGQPHGGSWGQPHGGSWGQPHGGGWGQGGGTHNQWNKPSKPKTNLKHVAGAAAAGAVVGGLGG,No aggregation,0
DAEFRHDSGYEVHHQKLVFFAEDVGSNKGAIIGLMVGGVVIA,Faster aggregation,2
KCNTATCATQRLANFLVHSSNNFGAILSSTNVGSNTY,No effect,0
MDVFMKGLSKAKEGVVAAAEKTKQGVAEAAGKTKEGVLYVGSKTKEGVVHGVATVAEKTKEQVTNVGGAVVTGVTAVAQKTVEGAGSIAAATGFVKKDQLGKNEEGAPQEGILEDMPVDPDNEAYEMPSEEGYQDYEPEA,Faster aggregation,2
IQRTPKIQVYSRHPAENGKSNFLNCYVSGFHPSDIEVDLLKNGERIEKVEHSDLSFSKDWSFYLLYYTEFTPTEKDEYACRVNHVTLSQPKIVKWDRDM,Slower aggregation,1
EVHHQKLVFFAEDVGSNKGAIIGLMVGGVV,Faster aggregation,2
LIQSAFGNNVHLSRFNSSAL,Faster aggregation,2
KCNTATCATQRLANFLVHSSNNFGAILSSTNVGSNTY,Slower aggregation,1
GIVEQCCASVCSLYQLENYCN FVNQHLCGSHLVEALYLVCGERGFFYTPKA,No effect,0
VAIVYK,Slower aggregation,1
SSLIAGFNNSSHVLFNALRQ,Faster aggregation,2
